epsiode,reward
0,-50.0
1,50.0
2,50.0
3,50.0
4,50.0
5,50.0
6,50.0
7,50.0
8,50.0
9,-50.0
10,-50.0
11,50.0
12,-50.0
13,50.0
14,-50.0
15,-50.0
16,-50.0
17,50.0
18,-50.0
19,50.0
20,-50.0
21,0.0
22,50.0
23,50.0
24,-50.0
25,-50.0
26,-50.0
27,0.0
28,-50.0
29,-50.0
30,-50.0
31,-50.0
32,-50.0
33,50.0
34,-50.0
35,0.0
36,-50.0
37,50.0
38,-50.0
39,50.0
40,-50.0
41,50.0
42,-50.0
43,50.0
44,-50.0
45,-50.0
46,-50.0
47,50.0
48,50.0
49,50.0
50,-50.0
51,50.0
52,0.0
53,-50.0
54,-50.0
55,50.0
56,-50.0
57,-50.0
58,0.0
59,50.0
60,50.0
61,0.0
62,-50.0
63,50.0
64,-50.0
65,-50.0
66,50.0
67,50.0
68,-50.0
69,-50.0
70,-50.0
71,-50.0
72,-50.0
73,-50.0
74,50.0
75,50.0
76,-50.0
77,50.0
78,-50.0
79,50.0
80,-50.0
81,50.0
82,50.0
83,-50.0
84,-50.0
85,50.0
86,-50.0
87,-50.0
88,-50.0
89,50.0
90,50.0
91,50.0
92,50.0
93,50.0
94,-50.0
95,50.0
96,-50.0
97,50.0
98,-50.0
99,0.0
100,-50.0
101,50.0
102,50.0
103,50.0
104,-50.0
105,50.0
106,-50.0
107,50.0
108,-50.0
109,50.0
110,-50.0
111,50.0
112,50.0
113,-50.0
114,0.0
115,50.0
116,0.0
117,-50.0
118,-50.0
119,0.0
120,-50.0
121,50.0
122,-50.0
123,50.0
124,-50.0
125,0.0
126,0.0
127,-50.0
128,0.0
129,-50.0
130,0.0
131,-50.0
132,-50.0
133,50.0
134,0.0
135,-50.0
136,0.0
137,0.0
138,50.0
139,-50.0
140,-50.0
141,50.0
142,-50.0
143,50.0
144,0.0
145,50.0
146,-50.0
147,50.0
148,-50.0
149,0.0
150,-50.0
151,50.0
152,50.0
153,50.0
154,50.0
155,50.0
156,50.0
157,0.0
158,-50.0
159,0.0
160,-50.0
161,50.0
162,0.0
163,50.0
164,-50.0
165,0.0
166,-50.0
167,-50.0
168,-50.0
169,50.0
170,-50.0
171,0.0
172,0.0
173,0.0
174,-50.0
175,0.0
176,-50.0
177,-50.0
178,0.0
179,0.0
180,-50.0
181,50.0
182,0.0
183,0.0
184,0.0
185,0.0
186,0.0
187,50.0
188,-50.0
189,0.0
190,0.0
191,50.0
192,50.0
193,0.0
194,-50.0
195,-50.0
196,0.0
197,50.0
198,0.0
199,-50.0
200,50.0
201,0.0
202,-50.0
203,0.0
204,0.0
205,0.0
206,-50.0
207,-50.0
208,0.0
209,0.0
210,-50.0
211,0.0
212,-50.0
213,0.0
214,50.0
215,-50.0
216,-50.0
217,0.0
218,-50.0
219,50.0
220,0.0
221,0.0
222,-50.0
223,0.0
224,-50.0
225,0.0
226,-50.0
227,0.0
228,50.0
229,50.0
230,-50.0
231,50.0
232,-50.0
233,-50.0
234,0.0
235,0.0
236,0.0
237,50.0
238,-50.0
239,0.0
240,50.0
241,0.0
242,0.0
243,-50.0
244,0.0
245,0.0
246,0.0
247,50.0
248,50.0
249,-50.0
250,0.0
251,-50.0
252,-50.0
253,0.0
254,-50.0
255,50.0
256,0.0
257,0.0
258,-50.0
259,-50.0
260,0.0
261,0.0
262,-50.0
263,-50.0
264,50.0
265,0.0
266,-50.0
267,0.0
268,50.0
269,0.0
270,-50.0
271,0.0
272,-50.0
273,-50.0
274,0.0
275,-50.0
276,0.0
277,-50.0
278,50.0
279,50.0
280,50.0
281,0.0
282,0.0
283,0.0
284,-50.0
285,0.0
286,0.0
287,-50.0
288,0.0
289,-50.0
290,-50.0
291,50.0
292,0.0
293,-50.0
294,50.0
295,50.0
296,0.0
297,50.0
298,-50.0
299,-50.0
300,-50.0
301,-50.0
302,50.0
303,-50.0
304,50.0
305,50.0
306,-50.0
307,-50.0
308,0.0
309,50.0
310,50.0
311,50.0
312,0.0
313,-50.0
314,-50.0
315,0.0
316,50.0
317,-50.0
318,0.0
319,50.0
320,-50.0
321,50.0
322,-50.0
323,50.0
324,50.0
325,0.0
326,50.0
327,0.0
328,0.0
329,50.0
330,0.0
331,50.0
332,0.0
333,0.0
334,-50.0
335,0.0
336,-50.0
337,50.0
338,0.0
339,50.0
340,-50.0
341,50.0
342,-50.0
343,0.0
344,-50.0
345,0.0
346,50.0
347,50.0
348,0.0
349,0.0
350,-50.0
351,0.0
352,0.0
353,0.0
354,-50.0
355,0.0
356,0.0
357,0.0
358,-50.0
359,0.0
360,0.0
361,50.0
362,0.0
363,-50.0
364,0.0
365,-50.0
366,50.0
367,0.0
368,-50.0
369,50.0
370,-50.0
371,-50.0
372,50.0
373,0.0
374,0.0
375,0.0
376,0.0
377,0.0
378,0.0
379,0.0
380,0.0
381,0.0
382,50.0
383,50.0
384,0.0
385,0.0
386,-50.0
387,0.0
388,-50.0
389,0.0
390,0.0
391,50.0
392,0.0
393,0.0
394,0.0
395,0.0
396,0.0
397,50.0
398,0.0
399,50.0
400,-50.0
401,50.0
402,-50.0
403,50.0
404,50.0
405,0.0
406,-50.0
407,0.0
408,-50.0
409,50.0
410,0.0
411,-50.0
412,50.0
413,-50.0
414,-50.0
415,0.0
416,-50.0
417,50.0
418,0.0
419,0.0
420,50.0
421,0.0
422,-50.0
423,0.0
424,50.0
425,0.0
426,-50.0
427,-50.0
428,0.0
429,0.0
430,50.0
431,-50.0
432,0.0
433,50.0
434,-50.0
435,0.0
436,-50.0
437,50.0
438,-50.0
439,-50.0
440,-50.0
441,0.0
442,-50.0
443,0.0
444,0.0
445,0.0
446,-50.0
447,50.0
448,0.0
449,0.0
450,-50.0
451,50.0
452,-50.0
453,50.0
454,50.0
455,50.0
456,50.0
457,50.0
458,0.0
459,50.0
460,-50.0
461,-50.0
462,-50.0
463,50.0
464,-50.0
465,50.0
466,0.0
467,50.0
468,-50.0
469,50.0
470,-50.0
471,-50.0
472,0.0
473,0.0
474,0.0
475,50.0
476,0.0
477,-50.0
478,50.0
479,-50.0
480,-50.0
481,50.0
482,0.0
483,50.0
484,50.0
485,50.0
486,-50.0
487,50.0
488,50.0
489,0.0
490,-50.0
491,50.0
492,-50.0
493,-50.0
494,50.0
495,50.0
496,-50.0
497,50.0
498,50.0
499,50.0
500,50.0
501,50.0
502,-50.0
503,0.0
504,-50.0
505,-50.0
506,-50.0
507,50.0
508,50.0
509,-50.0
510,-50.0
511,50.0
512,50.0
513,50.0
514,0.0
515,50.0
516,50.0
517,50.0
518,-50.0
519,50.0
520,-50.0
521,50.0
522,-50.0
523,0.0
524,50.0
525,50.0
526,-50.0
527,-50.0
528,50.0
529,-50.0
530,-50.0
531,50.0
532,-50.0
533,-50.0
534,0.0
535,-50.0
536,-50.0
537,50.0
538,-50.0
539,-50.0
540,-50.0
541,50.0
542,50.0
543,0.0
544,50.0
545,-50.0
546,50.0
547,-50.0
548,50.0
549,0.0
550,-50.0
551,50.0
552,-50.0
553,50.0
554,50.0
555,0.0
556,-50.0
557,50.0
558,50.0
559,0.0
560,50.0
561,50.0
562,50.0
563,50.0
564,-50.0
565,50.0
566,50.0
567,50.0
568,50.0
569,-50.0
570,0.0
571,-50.0
572,-50.0
573,0.0
574,0.0
575,0.0
576,0.0
577,-50.0
578,0.0
579,0.0
580,-50.0
581,50.0
582,50.0
583,50.0
584,0.0
585,0.0
586,-50.0
587,0.0
588,-50.0
589,0.0
590,50.0
591,50.0
592,0.0
593,-50.0
594,-50.0
595,0.0
596,50.0
597,0.0
598,0.0
599,50.0
600,50.0
601,50.0
602,-50.0
603,0.0
604,50.0
605,50.0
606,0.0
607,50.0
608,-50.0
609,0.0
610,50.0
611,50.0
612,-50.0
613,50.0
614,-50.0
615,50.0
616,-50.0
617,50.0
618,0.0
619,50.0
620,50.0
621,0.0
622,50.0
623,-50.0
624,-50.0
625,0.0
626,-50.0
627,50.0
628,0.0
629,50.0
630,-50.0
631,0.0
632,-50.0
633,50.0
634,50.0
635,50.0
636,0.0
637,0.0
638,-50.0
639,0.0
640,50.0
641,50.0
642,-50.0
643,50.0
644,0.0
645,50.0
646,50.0
647,50.0
648,-50.0
649,50.0
650,-50.0
651,0.0
652,50.0
653,-50.0
654,-50.0
655,50.0
656,50.0
657,50.0
658,0.0
659,-50.0
660,0.0
661,0.0
662,-50.0
663,50.0
664,50.0
665,50.0
666,-50.0
667,50.0
668,-50.0
669,0.0
670,0.0
671,50.0
672,0.0
673,-50.0
674,-50.0
675,0.0
676,0.0
677,0.0
678,-50.0
679,0.0
680,50.0
681,50.0
682,-50.0
683,50.0
684,-50.0
685,-50.0
686,50.0
687,0.0
688,50.0
689,50.0
690,0.0
691,0.0
692,0.0
693,0.0
694,-50.0
695,50.0
696,0.0
697,0.0
698,-50.0
699,0.0
700,0.0
701,50.0
702,-50.0
703,50.0
704,50.0
705,50.0
706,-50.0
707,50.0
708,0.0
709,50.0
710,0.0
711,-50.0
712,-50.0
713,50.0
714,0.0
715,50.0
716,0.0
717,50.0
718,50.0
719,0.0
720,-50.0
721,-50.0
722,0.0
723,50.0
724,0.0
725,-50.0
726,0.0
727,50.0
728,0.0
729,50.0
730,0.0
731,50.0
732,50.0
733,50.0
734,50.0
735,0.0
736,0.0
737,-50.0
738,-50.0
739,-50.0
740,0.0
741,50.0
742,50.0
743,50.0
744,0.0
745,50.0
746,-50.0
747,50.0
748,-50.0
749,0.0
750,0.0
751,50.0
752,50.0
753,0.0
754,50.0
755,50.0
756,-50.0
757,0.0
758,50.0
759,0.0
760,0.0
761,0.0
762,0.0
763,50.0
764,50.0
765,0.0
766,-50.0
767,50.0
768,-50.0
769,0.0
770,50.0
771,50.0
772,50.0
773,50.0
774,-50.0
775,0.0
776,50.0
777,50.0
778,-50.0
779,50.0
780,0.0
781,50.0
782,50.0
783,50.0
784,50.0
785,50.0
786,-50.0
787,0.0
788,0.0
789,0.0
790,-50.0
791,-50.0
792,-50.0
793,50.0
794,-50.0
795,50.0
796,-50.0
797,50.0
798,50.0
799,-50.0
800,50.0
801,50.0
802,50.0
803,-50.0
804,50.0
805,50.0
806,-50.0
807,50.0
808,-50.0
809,-50.0
810,50.0
811,50.0
812,50.0
813,50.0
814,0.0
815,50.0
816,50.0
817,50.0
818,0.0
819,50.0
820,0.0
821,0.0
822,-50.0
823,50.0
824,50.0
825,50.0
826,-50.0
827,-50.0
828,50.0
829,0.0
830,50.0
831,50.0
832,0.0
833,50.0
834,-50.0
835,50.0
836,-50.0
837,50.0
838,0.0
839,50.0
840,50.0
841,0.0
842,50.0
843,50.0
844,0.0
845,50.0
846,0.0
847,50.0
848,-50.0
849,50.0
850,-50.0
851,50.0
852,-50.0
853,50.0
854,0.0
855,50.0
856,50.0
857,0.0
858,50.0
859,50.0
860,-50.0
861,50.0
862,-50.0
863,0.0
864,-50.0
865,0.0
866,-50.0
867,50.0
868,50.0
869,0.0
870,50.0
871,-50.0
872,-50.0
873,50.0
874,0.0
875,50.0
876,-50.0
877,-50.0
878,-50.0
879,0.0
880,50.0
881,50.0
882,0.0
883,-50.0
884,-50.0
885,50.0
886,-50.0
887,-50.0
888,0.0
889,50.0
890,50.0
891,50.0
892,0.0
893,50.0
894,0.0
895,50.0
896,-50.0
897,0.0
898,50.0
899,50.0
900,50.0
901,50.0
902,-50.0
903,50.0
904,0.0
905,50.0
906,0.0
907,50.0
908,-50.0
909,50.0
910,-50.0
911,50.0
912,-50.0
913,0.0
914,-50.0
915,50.0
916,50.0
917,50.0
918,-50.0
919,50.0
920,-50.0
921,50.0
922,50.0
923,0.0
924,0.0
925,-50.0
926,0.0
927,50.0
928,50.0
929,0.0
930,-50.0
931,-50.0
932,0.0
933,0.0
934,0.0
935,50.0
936,50.0
937,-50.0
938,0.0
939,50.0
940,50.0
941,0.0
942,50.0
943,50.0
944,0.0
945,0.0
946,0.0
947,50.0
948,-50.0
949,0.0
950,50.0
951,50.0
952,50.0
953,0.0
954,50.0
955,0.0
956,50.0
957,50.0
958,50.0
959,50.0
960,0.0
961,50.0
962,0.0
963,50.0
964,-50.0
965,50.0
966,-50.0
967,0.0
968,-50.0
969,50.0
970,-50.0
971,0.0
972,-50.0
973,50.0
974,-50.0
975,-50.0
976,50.0
977,50.0
978,50.0
979,0.0
980,0.0
981,50.0
982,0.0
983,50.0
984,50.0
985,-50.0
986,-50.0
987,0.0
988,50.0
989,0.0
990,50.0
991,0.0
992,-50.0
993,50.0
994,0.0
995,0.0
996,0.0
997,50.0
998,50.0
999,0.0
1000,-50.0
1001,50.0
1002,50.0
1003,50.0
1004,-50.0
1005,50.0
1006,0.0
1007,50.0
1008,50.0
1009,50.0
1010,50.0
1011,0.0
1012,-50.0
1013,0.0
1014,50.0
1015,50.0
1016,-50.0
1017,0.0
1018,0.0
1019,0.0
1020,0.0
1021,-50.0
1022,-50.0
1023,50.0
1024,0.0
1025,50.0
1026,-50.0
1027,0.0
1028,50.0
1029,0.0
1030,0.0
1031,-50.0
1032,-50.0
1033,50.0
1034,50.0
1035,50.0
1036,0.0
1037,50.0
1038,50.0
1039,50.0
1040,-50.0
1041,-50.0
1042,0.0
1043,-50.0
1044,0.0
1045,50.0
1046,-50.0
1047,0.0
1048,50.0
1049,0.0
1050,0.0
1051,0.0
1052,50.0
1053,0.0
1054,0.0
1055,50.0
1056,50.0
1057,50.0
1058,-50.0
1059,0.0
1060,-50.0
1061,50.0
1062,-50.0
1063,50.0
1064,-50.0
1065,50.0
1066,-50.0
1067,0.0
1068,-50.0
1069,50.0
1070,0.0
1071,50.0
1072,50.0
1073,-50.0
1074,50.0
1075,50.0
1076,-50.0
1077,0.0
1078,50.0
1079,50.0
1080,50.0
1081,50.0
1082,50.0
1083,0.0
1084,-50.0
1085,50.0
1086,0.0
1087,0.0
1088,-50.0
1089,-50.0
1090,0.0
1091,-50.0
1092,-50.0
1093,50.0
1094,-50.0
1095,0.0
1096,0.0
1097,50.0
1098,-50.0
1099,50.0
1100,-50.0
1101,0.0
1102,0.0
1103,0.0
1104,50.0
1105,50.0
1106,0.0
1107,-50.0
1108,0.0
1109,50.0
1110,-50.0
1111,0.0
1112,50.0
1113,50.0
1114,0.0
1115,0.0
1116,50.0
1117,50.0
1118,50.0
1119,50.0
1120,0.0
1121,-50.0
1122,0.0
1123,50.0
1124,-50.0
1125,50.0
1126,0.0
1127,-50.0
1128,-50.0
1129,50.0
1130,0.0
1131,0.0
1132,50.0
1133,0.0
1134,50.0
1135,50.0
1136,-50.0
1137,50.0
1138,-50.0
1139,50.0
1140,0.0
1141,50.0
1142,0.0
1143,50.0
1144,0.0
1145,0.0
1146,50.0
1147,-50.0
1148,-50.0
1149,0.0
1150,-50.0
1151,50.0
1152,0.0
1153,-50.0
1154,-50.0
1155,0.0
1156,50.0
1157,50.0
1158,-50.0
1159,0.0
1160,50.0
1161,50.0
1162,0.0
1163,50.0
1164,50.0
1165,50.0
1166,-50.0
1167,50.0
1168,0.0
1169,0.0
1170,50.0
1171,50.0
1172,-50.0
1173,50.0
1174,-50.0
1175,50.0
1176,0.0
1177,0.0
1178,-50.0
1179,50.0
1180,50.0
1181,50.0
1182,0.0
1183,-50.0
1184,50.0
1185,50.0
1186,-50.0
1187,50.0
1188,0.0
1189,0.0
1190,-50.0
1191,0.0
1192,0.0
1193,0.0
1194,0.0
1195,50.0
1196,-50.0
1197,50.0
1198,-50.0
1199,-50.0
1200,50.0
1201,0.0
1202,50.0
1203,0.0
1204,-50.0
1205,50.0
1206,-50.0
1207,50.0
1208,0.0
1209,0.0
1210,-50.0
1211,50.0
1212,0.0
1213,50.0
1214,0.0
1215,50.0
1216,0.0
1217,50.0
1218,50.0
1219,50.0
1220,50.0
1221,0.0
1222,50.0
1223,0.0
1224,-50.0
1225,50.0
1226,-50.0
1227,50.0
1228,0.0
1229,50.0
1230,50.0
1231,50.0
1232,0.0
1233,-50.0
1234,50.0
1235,-50.0
1236,-50.0
1237,0.0
1238,0.0
1239,50.0
1240,0.0
1241,50.0
1242,-50.0
1243,0.0
1244,-50.0
1245,-50.0
1246,-50.0
1247,50.0
1248,-50.0
1249,50.0
1250,-50.0
1251,50.0
1252,50.0
1253,0.0
1254,50.0
1255,0.0
1256,0.0
1257,50.0
1258,-50.0
1259,0.0
1260,-50.0
1261,50.0
1262,50.0
1263,50.0
1264,0.0
1265,50.0
1266,0.0
1267,0.0
1268,50.0
1269,50.0
1270,50.0
1271,50.0
1272,-50.0
1273,50.0
1274,0.0
1275,0.0
1276,50.0
1277,50.0
1278,0.0
1279,50.0
1280,50.0
1281,50.0
1282,50.0
1283,50.0
1284,0.0
1285,50.0
1286,50.0
1287,0.0
1288,0.0
1289,50.0
1290,0.0
1291,50.0
1292,-50.0
1293,-50.0
1294,50.0
1295,50.0
1296,50.0
1297,0.0
1298,50.0
1299,0.0
1300,-50.0
1301,50.0
1302,0.0
1303,0.0
1304,50.0
1305,50.0
1306,-50.0
1307,0.0
1308,50.0
1309,0.0
1310,-50.0
1311,50.0
1312,-50.0
1313,50.0
1314,50.0
1315,0.0
1316,-50.0
1317,50.0
1318,50.0
1319,50.0
1320,0.0
1321,50.0
1322,-50.0
1323,50.0
1324,50.0
1325,0.0
1326,-50.0
1327,50.0
1328,0.0
1329,0.0
1330,50.0
1331,0.0
1332,50.0
1333,0.0
1334,0.0
1335,50.0
1336,50.0
1337,50.0
1338,50.0
1339,50.0
1340,-50.0
1341,0.0
1342,-50.0
1343,50.0
1344,50.0
1345,50.0
1346,-50.0
1347,0.0
1348,50.0
1349,-50.0
1350,0.0
1351,50.0
1352,-50.0
1353,0.0
1354,-50.0
1355,50.0
1356,-50.0
1357,0.0
1358,-50.0
1359,0.0
1360,-50.0
1361,50.0
1362,50.0
1363,50.0
1364,50.0
1365,-50.0
1366,0.0
1367,50.0
1368,50.0
1369,-50.0
1370,0.0
1371,0.0
1372,-50.0
1373,-50.0
1374,-50.0
1375,0.0
1376,50.0
1377,50.0
1378,0.0
1379,50.0
1380,50.0
1381,50.0
1382,0.0
1383,50.0
1384,50.0
1385,50.0
1386,0.0
1387,0.0
1388,0.0
1389,50.0
1390,0.0
1391,50.0
1392,0.0
1393,0.0
1394,0.0
1395,0.0
1396,50.0
1397,50.0
1398,0.0
1399,50.0
1400,50.0
1401,50.0
1402,0.0
1403,50.0
1404,-50.0
1405,0.0
1406,0.0
1407,50.0
1408,0.0
1409,0.0
1410,50.0
1411,50.0
1412,0.0
1413,0.0
1414,-50.0
1415,50.0
1416,0.0
1417,50.0
1418,0.0
1419,50.0
1420,0.0
1421,50.0
1422,0.0
1423,50.0
1424,50.0
1425,50.0
1426,50.0
1427,50.0
1428,50.0
1429,50.0
1430,0.0
1431,50.0
1432,50.0
1433,-50.0
1434,0.0
1435,0.0
1436,-50.0
1437,50.0
1438,0.0
1439,0.0
1440,0.0
1441,50.0
1442,0.0
1443,0.0
1444,0.0
1445,50.0
1446,-50.0
1447,50.0
1448,50.0
1449,50.0
1450,50.0
1451,0.0
1452,50.0
1453,50.0
1454,-50.0
1455,0.0
1456,50.0
1457,50.0
1458,50.0
1459,50.0
1460,0.0
1461,50.0
1462,50.0
1463,50.0
1464,50.0
1465,0.0
1466,0.0
1467,50.0
1468,50.0
1469,50.0
1470,0.0
1471,0.0
1472,-50.0
1473,50.0
1474,50.0
1475,-50.0
1476,50.0
1477,0.0
1478,0.0
1479,50.0
1480,50.0
1481,0.0
1482,0.0
1483,50.0
1484,50.0
1485,0.0
1486,50.0
1487,50.0
1488,-50.0
1489,50.0
1490,0.0
1491,50.0
1492,-50.0
1493,0.0
1494,-50.0
1495,0.0
1496,50.0
1497,50.0
1498,-50.0
1499,-50.0
1500,-50.0
1501,0.0
1502,50.0
1503,0.0
1504,0.0
1505,0.0
1506,50.0
1507,0.0
1508,0.0
1509,0.0
1510,0.0
1511,0.0
1512,0.0
1513,50.0
1514,0.0
1515,50.0
1516,0.0
1517,0.0
1518,0.0
1519,50.0
1520,0.0
1521,0.0
1522,-50.0
1523,50.0
1524,-50.0
1525,0.0
1526,0.0
1527,50.0
1528,50.0
1529,0.0
1530,50.0
1531,0.0
1532,0.0
1533,-50.0
1534,0.0
1535,50.0
1536,0.0
1537,50.0
1538,-50.0
1539,0.0
1540,50.0
1541,0.0
1542,50.0
1543,50.0
1544,-50.0
1545,0.0
1546,-50.0
1547,0.0
1548,-50.0
1549,50.0
1550,-50.0
1551,50.0
1552,0.0
1553,0.0
1554,0.0
1555,50.0
1556,0.0
1557,50.0
1558,-50.0
1559,50.0
1560,0.0
1561,0.0
1562,50.0
1563,0.0
1564,50.0
1565,50.0
1566,50.0
1567,0.0
1568,-50.0
1569,0.0
1570,50.0
1571,0.0
1572,0.0
1573,0.0
1574,50.0
1575,0.0
1576,-50.0
1577,50.0
1578,50.0
1579,0.0
1580,0.0
1581,0.0
1582,0.0
1583,-50.0
1584,-50.0
1585,0.0
1586,0.0
1587,0.0
1588,0.0
1589,50.0
1590,50.0
1591,50.0
1592,0.0
1593,50.0
1594,0.0
1595,-50.0
1596,0.0
1597,50.0
1598,50.0
1599,50.0
1600,-50.0
1601,50.0
1602,-50.0
1603,0.0
1604,-50.0
1605,50.0
1606,50.0
1607,50.0
1608,-50.0
1609,50.0
1610,50.0
1611,50.0
1612,-50.0
1613,0.0
1614,-50.0
1615,50.0
1616,-50.0
1617,50.0
1618,-50.0
1619,0.0
1620,0.0
1621,0.0
1622,0.0
1623,50.0
1624,-50.0
1625,50.0
1626,0.0
1627,0.0
1628,-50.0
1629,0.0
1630,-50.0
1631,0.0
1632,50.0
1633,-50.0
1634,-50.0
1635,50.0
1636,50.0
1637,0.0
1638,-50.0
1639,50.0
1640,-50.0
1641,0.0
1642,0.0
1643,50.0
1644,0.0
1645,0.0
1646,0.0
1647,0.0
1648,0.0
1649,-50.0
1650,0.0
1651,0.0
1652,50.0
1653,50.0
1654,-50.0
1655,0.0
1656,0.0
1657,50.0
1658,50.0
1659,0.0
1660,50.0
1661,50.0
1662,0.0
1663,50.0
1664,0.0
1665,50.0
1666,50.0
1667,0.0
1668,50.0
1669,0.0
1670,50.0
1671,50.0
1672,-50.0
1673,0.0
1674,0.0
1675,0.0
1676,-50.0
1677,50.0
1678,-50.0
1679,50.0
1680,50.0
1681,0.0
1682,-50.0
1683,50.0
1684,0.0
1685,50.0
1686,50.0
1687,50.0
1688,50.0
1689,50.0
1690,0.0
1691,-50.0
1692,-50.0
1693,50.0
1694,-50.0
1695,50.0
1696,-50.0
1697,-50.0
1698,50.0
1699,50.0
1700,0.0
1701,50.0
1702,-50.0
1703,0.0
1704,0.0
1705,50.0
1706,-50.0
1707,50.0
1708,-50.0
1709,50.0
1710,-50.0
1711,50.0
1712,-50.0
1713,-50.0
1714,0.0
1715,50.0
1716,0.0
1717,50.0
1718,0.0
1719,50.0
1720,-50.0
1721,0.0
1722,50.0
1723,0.0
1724,50.0
1725,50.0
1726,0.0
1727,0.0
1728,0.0
1729,0.0
1730,50.0
1731,0.0
1732,0.0
1733,50.0
1734,50.0
1735,50.0
1736,50.0
1737,50.0
1738,0.0
1739,50.0
1740,-50.0
1741,-50.0
1742,0.0
1743,0.0
1744,0.0
1745,50.0
1746,0.0
1747,0.0
1748,0.0
1749,0.0
1750,50.0
1751,50.0
1752,50.0
1753,50.0
1754,0.0
1755,0.0
1756,50.0
1757,0.0
1758,0.0
1759,50.0
1760,50.0
1761,50.0
1762,0.0
1763,50.0
1764,0.0
1765,0.0
1766,0.0
1767,50.0
1768,0.0
1769,50.0
1770,50.0
1771,0.0
1772,-50.0
1773,50.0
1774,-50.0
1775,50.0
1776,-50.0
1777,50.0
1778,0.0
1779,50.0
1780,-50.0
1781,50.0
1782,0.0
1783,0.0
1784,-50.0
1785,50.0
1786,50.0
1787,50.0
1788,50.0
1789,0.0
1790,-50.0
1791,50.0
1792,0.0
1793,50.0
1794,0.0
1795,50.0
1796,-50.0
1797,50.0
1798,0.0
1799,0.0
1800,50.0
1801,0.0
1802,-50.0
1803,50.0
1804,50.0
1805,50.0
1806,0.0
1807,50.0
1808,50.0
1809,0.0
1810,50.0
1811,0.0
1812,-50.0
1813,50.0
1814,50.0
1815,50.0
1816,0.0
1817,50.0
1818,-50.0
1819,0.0
1820,0.0
1821,0.0
1822,0.0
1823,-50.0
1824,50.0
1825,50.0
1826,50.0
1827,50.0
1828,0.0
1829,0.0
1830,0.0
1831,50.0
1832,50.0
1833,0.0
1834,-50.0
1835,0.0
1836,50.0
1837,50.0
1838,0.0
1839,0.0
1840,0.0
1841,-50.0
1842,0.0
1843,50.0
1844,-50.0
1845,50.0
1846,0.0
1847,50.0
1848,0.0
1849,50.0
1850,50.0
1851,50.0
1852,50.0
1853,0.0
1854,0.0
1855,0.0
1856,50.0
1857,50.0
1858,50.0
1859,50.0
1860,-50.0
1861,0.0
1862,50.0
1863,50.0
1864,50.0
1865,0.0
1866,-50.0
1867,50.0
1868,-50.0
1869,0.0
1870,50.0
1871,0.0
1872,50.0
1873,50.0
1874,50.0
1875,0.0
1876,50.0
1877,0.0
1878,-50.0
1879,0.0
1880,50.0
1881,0.0
1882,0.0
1883,0.0
1884,0.0
1885,50.0
1886,0.0
1887,50.0
1888,-50.0
1889,0.0
1890,-50.0
1891,50.0
1892,50.0
1893,0.0
1894,-50.0
1895,50.0
1896,-50.0
1897,50.0
1898,0.0
1899,50.0
1900,0.0
1901,50.0
1902,-50.0
1903,50.0
1904,-50.0
1905,50.0
1906,50.0
1907,0.0
1908,0.0
1909,50.0
1910,50.0
1911,-50.0
1912,-50.0
1913,50.0
1914,-50.0
1915,50.0
1916,0.0
1917,0.0
1918,0.0
1919,50.0
1920,0.0
1921,50.0
1922,0.0
1923,50.0
1924,50.0
1925,0.0
1926,0.0
1927,50.0
1928,0.0
1929,50.0
1930,50.0
1931,0.0
1932,-50.0
1933,50.0
1934,0.0
1935,0.0
1936,50.0
1937,0.0
1938,50.0
1939,-50.0
1940,50.0
1941,50.0
1942,0.0
1943,50.0
1944,-50.0
1945,50.0
1946,0.0
1947,50.0
1948,-50.0
1949,50.0
1950,-50.0
1951,50.0
1952,-50.0
1953,50.0
1954,-50.0
1955,0.0
1956,-50.0
1957,0.0
1958,-50.0
1959,50.0
1960,0.0
1961,50.0
1962,0.0
1963,50.0
1964,-50.0
1965,50.0
1966,50.0
1967,50.0
1968,0.0
1969,0.0
1970,-50.0
1971,0.0
1972,-50.0
1973,50.0
1974,-50.0
1975,50.0
1976,0.0
1977,50.0
1978,0.0
1979,50.0
1980,0.0
1981,-50.0
1982,50.0
1983,-50.0
1984,50.0
1985,50.0
1986,50.0
1987,0.0
1988,0.0
1989,0.0
1990,0.0
1991,50.0
1992,50.0
1993,0.0
1994,-50.0
1995,0.0
1996,0.0
1997,50.0
1998,50.0
1999,50.0
2000,50.0
2001,0.0
2002,0.0
2003,0.0
2004,50.0
2005,50.0
2006,0.0
2007,50.0
2008,-50.0
2009,50.0
2010,0.0
2011,-50.0
2012,0.0
2013,50.0
2014,50.0
2015,0.0
2016,0.0
2017,0.0
2018,-50.0
2019,50.0
2020,-50.0
2021,50.0
2022,-50.0
2023,50.0
2024,-50.0
2025,50.0
2026,0.0
2027,-50.0
2028,0.0
2029,50.0
2030,0.0
2031,50.0
2032,-50.0
2033,0.0
2034,50.0
2035,0.0
2036,50.0
2037,0.0
2038,50.0
2039,50.0
2040,50.0
2041,50.0
2042,50.0
2043,50.0
2044,-50.0
2045,50.0
2046,50.0
2047,50.0
2048,0.0
2049,50.0
2050,-50.0
2051,50.0
2052,0.0
2053,50.0
2054,0.0
2055,0.0
2056,50.0
2057,50.0
2058,0.0
2059,50.0
2060,0.0
2061,50.0
2062,-50.0
2063,0.0
2064,0.0
2065,0.0
2066,-50.0
2067,50.0
2068,0.0
2069,50.0
2070,0.0
2071,0.0
2072,0.0
2073,0.0
2074,-50.0
2075,0.0
2076,0.0
2077,50.0
2078,-50.0
2079,50.0
2080,0.0
2081,0.0
2082,-50.0
2083,50.0
2084,0.0
2085,-50.0
2086,0.0
2087,50.0
2088,50.0
2089,0.0
2090,0.0
2091,50.0
2092,0.0
2093,0.0
2094,-50.0
2095,50.0
2096,50.0
2097,0.0
2098,-50.0
2099,0.0
2100,0.0
2101,50.0
2102,50.0
2103,0.0
2104,-50.0
2105,50.0
2106,50.0
2107,0.0
2108,50.0
2109,50.0
2110,0.0
2111,0.0
2112,0.0
2113,0.0
2114,-50.0
2115,50.0
2116,0.0
2117,50.0
2118,50.0
2119,50.0
2120,0.0
2121,0.0
2122,-50.0
2123,0.0
2124,50.0
2125,0.0
2126,-50.0
2127,50.0
2128,50.0
2129,0.0
2130,50.0
2131,0.0
2132,50.0
2133,50.0
2134,0.0
2135,50.0
2136,-50.0
2137,0.0
2138,-50.0
2139,50.0
2140,50.0
2141,50.0
2142,50.0
2143,50.0
2144,0.0
2145,50.0
2146,0.0
2147,50.0
2148,-50.0
2149,0.0
2150,0.0
2151,0.0
2152,0.0
2153,50.0
2154,50.0
2155,0.0
2156,50.0
2157,50.0
2158,0.0
2159,0.0
2160,0.0
2161,50.0
2162,50.0
2163,50.0
2164,0.0
2165,50.0
2166,-50.0
2167,50.0
2168,50.0
2169,50.0
2170,50.0
2171,50.0
2172,50.0
2173,-50.0
2174,-50.0
2175,0.0
2176,0.0
2177,50.0
2178,0.0
2179,50.0
2180,50.0
2181,0.0
2182,50.0
2183,50.0
2184,-50.0
2185,0.0
2186,50.0
2187,0.0
2188,50.0
2189,0.0
2190,-50.0
2191,50.0
2192,-50.0
2193,50.0
2194,50.0
2195,50.0
2196,-50.0
2197,0.0
2198,50.0
2199,0.0
2200,0.0
2201,50.0
2202,-50.0
2203,0.0
2204,50.0
2205,0.0
2206,50.0
2207,0.0
2208,-50.0
2209,0.0
2210,0.0
2211,50.0
2212,50.0
2213,50.0
2214,0.0
2215,50.0
2216,50.0
2217,0.0
2218,-50.0
2219,50.0
2220,50.0
2221,50.0
2222,0.0
2223,50.0
2224,0.0
2225,50.0
2226,0.0
2227,50.0
2228,-50.0
2229,50.0
2230,-50.0
2231,0.0
2232,50.0
2233,50.0
2234,0.0
2235,50.0
2236,0.0
2237,-50.0
2238,0.0
2239,50.0
2240,-50.0
2241,0.0
2242,0.0
2243,0.0
2244,0.0
2245,0.0
2246,-50.0
2247,0.0
2248,-50.0
2249,50.0
2250,50.0
2251,50.0
2252,-50.0
2253,0.0
2254,50.0
2255,50.0
2256,0.0
2257,0.0
2258,50.0
2259,50.0
2260,-50.0
2261,50.0
2262,50.0
2263,50.0
2264,0.0
2265,50.0
2266,0.0
2267,-50.0
2268,50.0
2269,50.0
2270,0.0
2271,0.0
2272,0.0
2273,50.0
2274,-50.0
2275,50.0
2276,0.0
2277,0.0
2278,0.0
2279,0.0
2280,-50.0
2281,50.0
2282,0.0
2283,50.0
2284,-50.0
2285,0.0
2286,0.0
2287,0.0
2288,0.0
2289,50.0
2290,50.0
2291,50.0
2292,50.0
2293,50.0
2294,-50.0
2295,0.0
2296,50.0
2297,-50.0
2298,0.0
2299,50.0
2300,-50.0
2301,0.0
2302,0.0
2303,0.0
2304,50.0
2305,0.0
2306,0.0
2307,0.0
2308,0.0
2309,50.0
2310,0.0
2311,50.0
2312,50.0
2313,0.0
2314,0.0
2315,0.0
2316,0.0
2317,50.0
2318,0.0
2319,0.0
2320,50.0
2321,50.0
2322,-50.0
2323,50.0
2324,0.0
2325,0.0
2326,-50.0
2327,0.0
2328,50.0
2329,0.0
2330,50.0
2331,50.0
2332,0.0
2333,50.0
2334,0.0
2335,0.0
2336,0.0
2337,50.0
2338,-50.0
2339,0.0
2340,50.0
2341,50.0
2342,0.0
2343,50.0
2344,-50.0
2345,50.0
2346,-50.0
2347,-50.0
2348,-50.0
2349,-50.0
2350,0.0
2351,0.0
2352,50.0
2353,50.0
2354,50.0
2355,50.0
2356,0.0
2357,50.0
2358,0.0
2359,50.0
2360,-50.0
2361,50.0
2362,0.0
2363,50.0
2364,50.0
2365,-50.0
2366,50.0
2367,50.0
2368,50.0
2369,50.0
2370,50.0
2371,0.0
2372,50.0
2373,0.0
2374,0.0
2375,0.0
2376,50.0
2377,0.0
2378,-50.0
2379,50.0
2380,0.0
2381,50.0
2382,50.0
2383,50.0
2384,-50.0
2385,0.0
2386,-50.0
2387,50.0
2388,0.0
2389,50.0
2390,50.0
2391,0.0
2392,0.0
2393,0.0
2394,0.0
2395,50.0
2396,50.0
2397,0.0
2398,-50.0
2399,0.0
2400,0.0
2401,50.0
2402,50.0
2403,50.0
2404,0.0
2405,50.0
2406,50.0
2407,50.0
2408,50.0
2409,50.0
2410,0.0
2411,50.0
2412,50.0
2413,0.0
2414,-50.0
2415,50.0
2416,50.0
2417,0.0
2418,0.0
2419,50.0
2420,0.0
2421,50.0
2422,50.0
2423,0.0
2424,0.0
2425,-50.0
2426,0.0
2427,50.0
2428,50.0
2429,50.0
2430,50.0
2431,50.0
2432,0.0
2433,50.0
2434,50.0
2435,-50.0
2436,0.0
2437,50.0
2438,50.0
2439,0.0
2440,0.0
2441,0.0
2442,0.0
2443,0.0
2444,-50.0
2445,50.0
2446,50.0
2447,-50.0
2448,50.0
2449,50.0
2450,50.0
2451,50.0
2452,50.0
2453,50.0
2454,0.0
2455,0.0
2456,0.0
2457,50.0
2458,0.0
2459,50.0
2460,0.0
2461,0.0
2462,-50.0
2463,0.0
2464,-50.0
2465,0.0
2466,0.0
2467,50.0
2468,50.0
2469,50.0
2470,50.0
2471,50.0
2472,50.0
2473,50.0
2474,50.0
2475,0.0
2476,50.0
2477,0.0
2478,-50.0
2479,50.0
2480,-50.0
2481,50.0
2482,50.0
2483,0.0
2484,50.0
2485,0.0
2486,0.0
2487,50.0
2488,0.0
2489,50.0
2490,0.0
2491,0.0
2492,0.0
2493,0.0
2494,-50.0
2495,50.0
2496,50.0
2497,50.0
2498,50.0
2499,50.0
2500,0.0
2501,50.0
2502,0.0
2503,50.0
2504,0.0
2505,50.0
2506,-50.0
2507,50.0
2508,0.0
2509,0.0
2510,50.0
2511,50.0
2512,0.0
2513,50.0
2514,50.0
2515,0.0
2516,-50.0
2517,50.0
2518,-50.0
2519,0.0
2520,50.0
2521,50.0
2522,-50.0
2523,0.0
2524,-50.0
2525,0.0
2526,0.0
2527,50.0
2528,0.0
2529,50.0
2530,50.0
2531,0.0
2532,0.0
2533,50.0
2534,0.0
2535,50.0
2536,50.0
2537,-50.0
2538,-50.0
2539,0.0
2540,-50.0
2541,0.0
2542,-50.0
2543,50.0
2544,0.0
2545,-50.0
2546,-50.0
2547,0.0
2548,50.0
2549,-50.0
2550,50.0
2551,0.0
2552,0.0
2553,50.0
2554,50.0
2555,50.0
2556,50.0
2557,0.0
2558,0.0
2559,50.0
2560,-50.0
2561,50.0
2562,50.0
2563,0.0
2564,0.0
2565,50.0
2566,50.0
2567,0.0
2568,0.0
2569,0.0
2570,0.0
2571,0.0
2572,0.0
2573,50.0
2574,0.0
2575,0.0
2576,50.0
2577,50.0
2578,50.0
2579,50.0
2580,0.0
2581,0.0
2582,-50.0
2583,50.0
2584,0.0
2585,0.0
2586,50.0
2587,0.0
2588,0.0
2589,0.0
2590,0.0
2591,0.0
2592,50.0
2593,-50.0
2594,50.0
2595,50.0
2596,0.0
2597,50.0
2598,0.0
2599,0.0
2600,0.0
2601,50.0
2602,0.0
2603,50.0
2604,50.0
2605,50.0
2606,50.0
2607,50.0
2608,0.0
2609,0.0
2610,50.0
2611,50.0
2612,50.0
2613,50.0
2614,0.0
2615,0.0
2616,0.0
2617,50.0
2618,0.0
2619,0.0
2620,0.0
2621,50.0
2622,50.0
2623,0.0
2624,50.0
2625,0.0
2626,0.0
2627,50.0
2628,0.0
2629,50.0
2630,0.0
2631,50.0
2632,50.0
2633,0.0
2634,50.0
2635,50.0
2636,50.0
2637,50.0
2638,0.0
2639,0.0
2640,-50.0
2641,0.0
2642,0.0
2643,0.0
2644,50.0
2645,50.0
2646,50.0
2647,-50.0
2648,0.0
2649,50.0
2650,0.0
2651,0.0
2652,0.0
2653,50.0
2654,50.0
2655,50.0
2656,0.0
2657,0.0
2658,0.0
2659,0.0
2660,-50.0
2661,50.0
2662,50.0
2663,50.0
2664,0.0
2665,50.0
2666,0.0
2667,50.0
2668,0.0
2669,50.0
2670,0.0
2671,0.0
2672,50.0
2673,50.0
2674,50.0
2675,0.0
2676,0.0
2677,0.0
2678,50.0
2679,-50.0
2680,0.0
2681,50.0
2682,50.0
2683,0.0
2684,50.0
2685,0.0
2686,-50.0
2687,50.0
2688,50.0
2689,50.0
2690,0.0
2691,50.0
2692,0.0
2693,50.0
2694,0.0
2695,50.0
2696,0.0
2697,0.0
2698,50.0
2699,0.0
2700,50.0
2701,50.0
2702,0.0
2703,50.0
2704,50.0
2705,50.0
2706,0.0
2707,0.0
2708,50.0
2709,50.0
2710,0.0
2711,50.0
2712,50.0
2713,0.0
2714,-50.0
2715,50.0
2716,-50.0
2717,50.0
2718,50.0
2719,50.0
2720,50.0
2721,50.0
2722,-50.0
2723,0.0
2724,-50.0
2725,0.0
2726,50.0
2727,50.0
2728,0.0
2729,50.0
2730,0.0
2731,0.0
2732,0.0
2733,50.0
2734,50.0
2735,50.0
2736,0.0
2737,0.0
2738,0.0
2739,50.0
2740,50.0
2741,0.0
2742,0.0
2743,50.0
2744,0.0
2745,50.0
2746,0.0
2747,50.0
2748,50.0
2749,50.0
2750,50.0
2751,50.0
2752,50.0
2753,0.0
2754,50.0
2755,0.0
2756,50.0
2757,0.0
2758,0.0
2759,50.0
2760,0.0
2761,50.0
2762,0.0
2763,50.0
2764,50.0
2765,50.0
2766,0.0
2767,50.0
2768,0.0
2769,0.0
2770,-50.0
2771,50.0
2772,50.0
2773,-50.0
2774,50.0
2775,0.0
2776,50.0
2777,0.0
2778,50.0
2779,0.0
2780,50.0
2781,0.0
2782,0.0
2783,50.0
2784,-50.0
2785,0.0
2786,0.0
2787,0.0
2788,0.0
2789,0.0
2790,0.0
2791,50.0
2792,50.0
2793,-50.0
2794,0.0
2795,50.0
2796,-50.0
2797,0.0
2798,0.0
2799,50.0
2800,50.0
2801,0.0
2802,50.0
2803,0.0
2804,0.0
2805,0.0
2806,0.0
2807,0.0
2808,-50.0
2809,50.0
2810,50.0
2811,0.0
2812,0.0
2813,50.0
2814,0.0
2815,50.0
2816,0.0
2817,50.0
2818,0.0
2819,50.0
2820,-50.0
2821,-50.0
2822,0.0
2823,50.0
2824,50.0
2825,50.0
2826,50.0
2827,0.0
2828,0.0
2829,50.0
2830,50.0
2831,50.0
2832,-50.0
2833,50.0
2834,0.0
2835,50.0
2836,50.0
2837,0.0
2838,0.0
2839,50.0
2840,0.0
2841,50.0
2842,0.0
2843,50.0
2844,0.0
2845,50.0
2846,0.0
2847,50.0
2848,-50.0
2849,50.0
2850,50.0
2851,50.0
2852,50.0
2853,0.0
2854,0.0
2855,50.0
2856,-50.0
2857,50.0
2858,50.0
2859,50.0
2860,-50.0
2861,0.0
2862,0.0
2863,0.0
2864,0.0
2865,0.0
2866,0.0
2867,-50.0
2868,-50.0
2869,0.0
2870,0.0
2871,50.0
2872,0.0
2873,50.0
2874,50.0
2875,0.0
2876,50.0
2877,0.0
2878,0.0
2879,50.0
2880,-50.0
2881,50.0
2882,0.0
2883,0.0
2884,0.0
2885,0.0
2886,0.0
2887,50.0
2888,50.0
2889,50.0
2890,50.0
2891,0.0
2892,0.0
2893,50.0
2894,0.0
2895,50.0
2896,0.0
2897,50.0
2898,-50.0
2899,50.0
2900,50.0
2901,0.0
2902,0.0
2903,50.0
2904,50.0
2905,50.0
2906,50.0
2907,0.0
2908,0.0
2909,50.0
2910,0.0
2911,50.0
2912,50.0
2913,0.0
2914,0.0
2915,0.0
2916,0.0
2917,50.0
2918,0.0
2919,0.0
2920,-50.0
2921,50.0
2922,0.0
2923,50.0
2924,-50.0
2925,50.0
2926,50.0
2927,50.0
2928,50.0
2929,50.0
2930,0.0
2931,-50.0
2932,50.0
2933,50.0
2934,50.0
2935,-50.0
2936,50.0
2937,50.0
2938,50.0
2939,50.0
2940,-50.0
2941,0.0
2942,-50.0
2943,0.0
2944,0.0
2945,50.0
2946,50.0
2947,50.0
2948,0.0
2949,0.0
2950,0.0
2951,0.0
2952,0.0
2953,50.0
2954,-50.0
2955,0.0
2956,0.0
2957,50.0
2958,-50.0
2959,50.0
2960,0.0
2961,50.0
2962,50.0
2963,50.0
2964,50.0
2965,0.0
2966,0.0
2967,50.0
2968,0.0
2969,50.0
2970,-50.0
2971,0.0
2972,50.0
2973,0.0
2974,-50.0
2975,50.0
2976,0.0
2977,0.0
2978,50.0
2979,50.0
2980,50.0
2981,0.0
2982,0.0
2983,0.0
2984,0.0
2985,0.0
2986,0.0
2987,0.0
2988,0.0
2989,-50.0
2990,50.0
2991,50.0
2992,50.0
2993,0.0
2994,50.0
2995,0.0
2996,0.0
2997,50.0
2998,50.0
2999,0.0
3000,0.0
3001,50.0
3002,50.0
3003,-50.0
3004,50.0
3005,0.0
3006,0.0
3007,0.0
3008,0.0
3009,0.0
3010,0.0
3011,0.0
3012,50.0
3013,50.0
3014,0.0
3015,0.0
3016,0.0
3017,0.0
3018,50.0
3019,50.0
3020,0.0
3021,0.0
3022,50.0
3023,50.0
3024,50.0
3025,0.0
3026,50.0
3027,0.0
3028,50.0
3029,50.0
3030,50.0
3031,50.0
3032,50.0
3033,50.0
3034,50.0
3035,50.0
3036,50.0
3037,50.0
3038,0.0
3039,50.0
3040,0.0
3041,0.0
3042,0.0
3043,0.0
3044,50.0
3045,50.0
3046,-50.0
3047,0.0
3048,50.0
3049,50.0
3050,0.0
3051,-50.0
3052,0.0
3053,0.0
3054,0.0
3055,0.0
3056,0.0
3057,50.0
3058,0.0
3059,0.0
3060,0.0
3061,0.0
3062,50.0
3063,0.0
3064,-50.0
3065,50.0
3066,0.0
3067,50.0
3068,-50.0
3069,50.0
3070,50.0
3071,50.0
3072,50.0
3073,50.0
3074,0.0
3075,50.0
3076,-50.0
3077,50.0
3078,0.0
3079,50.0
3080,50.0
3081,0.0
3082,0.0
3083,50.0
3084,50.0
3085,0.0
3086,50.0
3087,0.0
3088,50.0
3089,50.0
3090,50.0
3091,0.0
3092,50.0
3093,-50.0
3094,0.0
3095,0.0
3096,0.0
3097,0.0
3098,0.0
3099,0.0
3100,50.0
3101,0.0
3102,50.0
3103,50.0
3104,-50.0
3105,0.0
3106,0.0
3107,0.0
3108,-50.0
3109,0.0
3110,0.0
3111,0.0
3112,-50.0
3113,50.0
3114,0.0
3115,0.0
3116,0.0
3117,50.0
3118,0.0
3119,0.0
3120,-50.0
3121,0.0
3122,50.0
3123,0.0
3124,0.0
3125,0.0
3126,50.0
3127,0.0
3128,0.0
3129,0.0
3130,0.0
3131,50.0
3132,50.0
3133,0.0
3134,0.0
3135,-50.0
3136,50.0
3137,50.0
3138,0.0
3139,0.0
3140,50.0
3141,50.0
3142,0.0
3143,50.0
3144,0.0
3145,50.0
3146,-50.0
3147,0.0
3148,50.0
3149,50.0
3150,50.0
3151,50.0
3152,0.0
3153,50.0
3154,-50.0
3155,50.0
3156,50.0
3157,0.0
3158,0.0
3159,0.0
3160,-50.0
3161,0.0
3162,0.0
3163,0.0
3164,50.0
3165,50.0
3166,50.0
3167,50.0
3168,50.0
3169,50.0
3170,-50.0
3171,50.0
3172,0.0
3173,0.0
3174,50.0
3175,50.0
3176,50.0
3177,50.0
3178,0.0
3179,50.0
3180,0.0
3181,50.0
3182,50.0
3183,0.0
3184,0.0
3185,50.0
3186,50.0
3187,0.0
3188,0.0
3189,0.0
3190,50.0
3191,0.0
3192,0.0
3193,0.0
3194,0.0
3195,0.0
3196,0.0
3197,0.0
3198,50.0
3199,0.0
3200,0.0
3201,50.0
3202,50.0
3203,50.0
3204,50.0
3205,50.0
3206,-50.0
3207,50.0
3208,0.0
3209,0.0
3210,50.0
3211,0.0
3212,0.0
3213,0.0
3214,-50.0
3215,0.0
3216,-50.0
3217,50.0
3218,0.0
3219,50.0
3220,0.0
3221,0.0
3222,0.0
3223,0.0
3224,50.0
3225,0.0
3226,50.0
3227,0.0
3228,0.0
3229,50.0
3230,50.0
3231,0.0
3232,50.0
3233,0.0
3234,0.0
3235,0.0
3236,0.0
3237,50.0
3238,50.0
3239,50.0
3240,0.0
3241,50.0
3242,0.0
3243,-50.0
3244,50.0
3245,0.0
3246,0.0
3247,50.0
3248,0.0
3249,0.0
3250,-50.0
3251,50.0
3252,0.0
3253,50.0
3254,50.0
3255,50.0
3256,50.0
3257,50.0
3258,0.0
3259,50.0
3260,0.0
3261,50.0
3262,50.0
3263,50.0
3264,0.0
3265,50.0
3266,50.0
3267,0.0
3268,0.0
3269,0.0
3270,-50.0
3271,50.0
3272,50.0
3273,50.0
3274,50.0
3275,50.0
3276,-50.0
3277,0.0
3278,0.0
3279,50.0
3280,-50.0
3281,0.0
3282,0.0
3283,50.0
3284,-50.0
3285,0.0
3286,0.0
3287,0.0
3288,0.0
3289,50.0
3290,0.0
3291,50.0
3292,50.0
3293,50.0
3294,50.0
3295,-50.0
3296,0.0
3297,50.0
3298,-50.0
3299,50.0
3300,50.0
3301,50.0
3302,50.0
3303,0.0
3304,50.0
3305,50.0
3306,0.0
3307,50.0
3308,50.0
3309,0.0
3310,-50.0
3311,0.0
3312,0.0
3313,50.0
3314,0.0
3315,0.0
3316,0.0
3317,50.0
3318,50.0
3319,50.0
3320,50.0
3321,50.0
3322,0.0
3323,50.0
3324,0.0
3325,0.0
3326,-50.0
3327,0.0
3328,0.0
3329,50.0
3330,50.0
3331,50.0
3332,0.0
3333,0.0
3334,50.0
3335,0.0
3336,50.0
3337,50.0
3338,-50.0
3339,0.0
3340,0.0
3341,50.0
3342,0.0
3343,-50.0
3344,0.0
3345,50.0
3346,0.0
3347,50.0
3348,0.0
3349,50.0
3350,50.0
3351,0.0
3352,50.0
3353,50.0
3354,0.0
3355,50.0
3356,50.0
3357,-50.0
3358,-50.0
3359,50.0
3360,50.0
3361,50.0
3362,0.0
3363,50.0
3364,0.0
3365,0.0
3366,0.0
3367,0.0
3368,50.0
3369,50.0
3370,0.0
3371,50.0
3372,50.0
3373,0.0
3374,0.0
3375,50.0
3376,0.0
3377,0.0
3378,0.0
3379,0.0
3380,0.0
3381,50.0
3382,0.0
3383,0.0
3384,0.0
3385,0.0
3386,0.0
3387,50.0
3388,-50.0
3389,50.0
3390,0.0
3391,0.0
3392,-50.0
3393,50.0
3394,50.0
3395,0.0
3396,0.0
3397,50.0
3398,0.0
3399,0.0
3400,50.0
3401,0.0
3402,50.0
3403,0.0
3404,50.0
3405,50.0
3406,0.0
3407,0.0
3408,0.0
3409,50.0
3410,0.0
3411,50.0
3412,50.0
3413,50.0
3414,0.0
3415,50.0
3416,0.0
3417,50.0
3418,0.0
3419,0.0
3420,0.0
3421,0.0
3422,0.0
3423,0.0
3424,-50.0
3425,0.0
3426,0.0
3427,0.0
3428,0.0
3429,50.0
3430,-50.0
3431,50.0
3432,50.0
3433,50.0
3434,50.0
3435,0.0
3436,0.0
3437,50.0
3438,0.0
3439,50.0
3440,0.0
3441,0.0
3442,0.0
3443,50.0
3444,50.0
3445,50.0
3446,0.0
3447,0.0
3448,50.0
3449,0.0
3450,0.0
3451,0.0
3452,0.0
3453,50.0
3454,0.0
3455,50.0
3456,0.0
3457,50.0
3458,-50.0
3459,0.0
3460,-50.0
3461,0.0
3462,0.0
3463,50.0
3464,0.0
3465,0.0
3466,0.0
3467,0.0
3468,50.0
3469,50.0
3470,0.0
3471,0.0
3472,50.0
3473,50.0
3474,0.0
3475,50.0
3476,50.0
3477,0.0
3478,50.0
3479,50.0
3480,0.0
3481,0.0
3482,0.0
3483,0.0
3484,0.0
3485,0.0
3486,0.0
3487,0.0
3488,0.0
3489,50.0
3490,-50.0
3491,0.0
3492,0.0
3493,0.0
3494,0.0
3495,0.0
3496,50.0
3497,50.0
3498,50.0
3499,0.0
3500,50.0
3501,0.0
3502,50.0
3503,0.0
3504,0.0
3505,0.0
3506,50.0
3507,0.0
3508,-50.0
3509,0.0
3510,50.0
3511,0.0
3512,-50.0
3513,50.0
3514,50.0
3515,0.0
3516,50.0
3517,50.0
3518,0.0
3519,0.0
3520,0.0
3521,50.0
3522,-50.0
3523,50.0
3524,0.0
3525,0.0
3526,50.0
3527,-50.0
3528,-50.0
3529,50.0
3530,0.0
3531,50.0
3532,50.0
3533,50.0
3534,50.0
3535,50.0
3536,50.0
3537,0.0
3538,50.0
3539,0.0
3540,0.0
3541,50.0
3542,0.0
3543,0.0
3544,0.0
3545,0.0
3546,50.0
3547,50.0
3548,50.0
3549,0.0
3550,0.0
3551,50.0
3552,0.0
3553,0.0
3554,0.0
3555,0.0
3556,0.0
3557,50.0
3558,0.0
3559,0.0
3560,-50.0
3561,0.0
3562,0.0
3563,50.0
3564,50.0
3565,50.0
3566,-50.0
3567,50.0
3568,50.0
3569,0.0
3570,50.0
3571,0.0
3572,50.0
3573,0.0
3574,0.0
3575,50.0
3576,0.0
3577,50.0
3578,0.0
3579,50.0
3580,50.0
3581,0.0
3582,0.0
3583,50.0
3584,50.0
3585,50.0
3586,0.0
3587,0.0
3588,0.0
3589,50.0
3590,0.0
3591,0.0
3592,0.0
3593,50.0
3594,0.0
3595,50.0
3596,0.0
3597,0.0
3598,50.0
3599,50.0
3600,50.0
3601,0.0
3602,-50.0
3603,50.0
3604,0.0
3605,0.0
3606,50.0
3607,0.0
3608,0.0
3609,0.0
3610,0.0
3611,50.0
3612,50.0
3613,0.0
3614,0.0
3615,50.0
3616,-50.0
3617,50.0
3618,0.0
3619,0.0
3620,-50.0
3621,50.0
3622,0.0
3623,50.0
3624,-50.0
3625,0.0
3626,0.0
3627,50.0
3628,-50.0
3629,50.0
3630,50.0
3631,0.0
3632,-50.0
3633,0.0
3634,50.0
3635,50.0
3636,0.0
3637,0.0
3638,0.0
3639,50.0
3640,0.0
3641,0.0
3642,50.0
3643,50.0
3644,-50.0
3645,0.0
3646,50.0
3647,0.0
3648,-50.0
3649,50.0
3650,0.0
3651,50.0
3652,0.0
3653,0.0
3654,50.0
3655,0.0
3656,-50.0
3657,50.0
3658,0.0
3659,-50.0
3660,0.0
3661,50.0
3662,50.0
3663,50.0
3664,0.0
3665,50.0
3666,-50.0
3667,50.0
3668,0.0
3669,50.0
3670,50.0
3671,50.0
3672,50.0
3673,50.0
3674,50.0
3675,0.0
3676,0.0
3677,0.0
3678,50.0
3679,0.0
3680,50.0
3681,50.0
3682,-50.0
3683,0.0
3684,-50.0
3685,0.0
3686,0.0
3687,50.0
3688,-50.0
3689,50.0
3690,50.0
3691,0.0
3692,50.0
3693,-50.0
3694,0.0
3695,0.0
3696,50.0
3697,0.0
3698,0.0
3699,50.0
3700,0.0
3701,0.0
3702,0.0
3703,50.0
3704,-50.0
3705,0.0
3706,0.0
3707,50.0
3708,0.0
3709,50.0
3710,50.0
3711,50.0
3712,0.0
3713,50.0
3714,50.0
3715,0.0
3716,0.0
3717,50.0
3718,0.0
3719,0.0
3720,50.0
3721,50.0
3722,0.0
3723,50.0
3724,0.0
3725,50.0
3726,-50.0
3727,0.0
3728,0.0
3729,0.0
3730,50.0
3731,0.0
3732,0.0
3733,50.0
3734,0.0
3735,50.0
3736,50.0
3737,50.0
3738,0.0
3739,50.0
3740,0.0
3741,0.0
3742,50.0
3743,50.0
3744,0.0
3745,0.0
3746,0.0
3747,0.0
3748,0.0
3749,0.0
3750,0.0
3751,50.0
3752,50.0
3753,50.0
3754,0.0
3755,0.0
3756,50.0
3757,50.0
3758,0.0
3759,50.0
3760,50.0
3761,50.0
3762,0.0
3763,50.0
3764,50.0
3765,50.0
3766,50.0
3767,50.0
3768,50.0
3769,0.0
3770,50.0
3771,50.0
3772,0.0
3773,50.0
3774,0.0
3775,0.0
3776,50.0
3777,0.0
3778,0.0
3779,0.0
3780,0.0
3781,50.0
3782,50.0
3783,0.0
3784,0.0
3785,50.0
3786,0.0
3787,0.0
3788,50.0
3789,50.0
3790,50.0
3791,50.0
3792,50.0
3793,50.0
3794,0.0
3795,0.0
3796,50.0
3797,0.0
3798,0.0
3799,50.0
3800,0.0
3801,50.0
3802,0.0
3803,50.0
3804,0.0
3805,50.0
3806,0.0
3807,0.0
3808,50.0
3809,0.0
3810,50.0
3811,-50.0
3812,50.0
3813,0.0
3814,0.0
3815,50.0
3816,50.0
3817,0.0
3818,50.0
3819,50.0
3820,0.0
3821,0.0
3822,0.0
3823,0.0
3824,-50.0
3825,50.0
3826,50.0
3827,50.0
3828,50.0
3829,50.0
3830,0.0
3831,0.0
3832,50.0
3833,0.0
3834,50.0
3835,0.0
3836,0.0
3837,50.0
3838,50.0
3839,50.0
3840,0.0
3841,0.0
3842,50.0
3843,50.0
3844,-50.0
3845,50.0
3846,50.0
3847,0.0
3848,0.0
3849,0.0
3850,0.0
3851,0.0
3852,0.0
3853,0.0
3854,50.0
3855,0.0
3856,0.0
3857,50.0
3858,0.0
3859,50.0
3860,0.0
3861,50.0
3862,0.0
3863,50.0
3864,50.0
3865,50.0
3866,0.0
3867,0.0
3868,0.0
3869,0.0
3870,0.0
3871,50.0
3872,-50.0
3873,0.0
3874,-50.0
3875,0.0
3876,50.0
3877,50.0
3878,0.0
3879,-50.0
3880,0.0
3881,50.0
3882,50.0
3883,50.0
3884,0.0
3885,0.0
3886,0.0
3887,0.0
3888,50.0
3889,50.0
3890,-50.0
3891,0.0
3892,0.0
3893,0.0
3894,0.0
3895,50.0
3896,0.0
3897,0.0
3898,0.0
3899,0.0
3900,0.0
3901,0.0
3902,-50.0
3903,0.0
3904,-50.0
3905,50.0
3906,0.0
3907,0.0
3908,50.0
3909,0.0
3910,50.0
3911,50.0
3912,-50.0
3913,50.0
3914,-50.0
3915,50.0
3916,50.0
3917,0.0
3918,0.0
3919,0.0
3920,0.0
3921,0.0
3922,50.0
3923,0.0
3924,0.0
3925,0.0
3926,-50.0
3927,0.0
3928,0.0
3929,0.0
3930,0.0
3931,0.0
3932,-50.0
3933,50.0
3934,0.0
3935,50.0
3936,50.0
3937,50.0
3938,50.0
3939,50.0
3940,50.0
3941,50.0
3942,0.0
3943,50.0
3944,0.0
3945,50.0
3946,0.0
3947,50.0
3948,-50.0
3949,0.0
3950,50.0
3951,50.0
3952,0.0
3953,50.0
3954,0.0
3955,50.0
3956,50.0
3957,50.0
3958,0.0
3959,0.0
3960,0.0
3961,0.0
3962,0.0
3963,50.0
3964,50.0
3965,50.0
3966,0.0
3967,50.0
3968,50.0
3969,0.0
3970,50.0
3971,0.0
3972,0.0
3973,0.0
3974,50.0
3975,50.0
3976,50.0
3977,50.0
3978,50.0
3979,50.0
3980,0.0
3981,0.0
3982,50.0
3983,0.0
3984,-50.0
3985,50.0
3986,0.0
3987,0.0
3988,0.0
3989,50.0
3990,50.0
3991,50.0
3992,0.0
3993,50.0
3994,-50.0
3995,0.0
3996,0.0
3997,50.0
3998,0.0
3999,0.0
4000,0.0
4001,50.0
4002,0.0
4003,0.0
4004,-50.0
4005,0.0
4006,50.0
4007,50.0
4008,0.0
4009,50.0
4010,0.0
4011,0.0
4012,50.0
4013,0.0
4014,0.0
4015,0.0
4016,50.0
4017,50.0
4018,0.0
4019,50.0
4020,50.0
4021,50.0
4022,0.0
4023,50.0
4024,-50.0
4025,0.0
4026,-50.0
4027,0.0
4028,0.0
4029,0.0
4030,-50.0
4031,50.0
4032,0.0
4033,0.0
4034,0.0
4035,0.0
4036,0.0
4037,50.0
4038,50.0
4039,0.0
4040,0.0
4041,50.0
4042,50.0
4043,0.0
4044,50.0
4045,50.0
4046,0.0
4047,0.0
4048,0.0
4049,50.0
4050,0.0
4051,0.0
4052,0.0
4053,50.0
4054,0.0
4055,50.0
4056,-50.0
4057,0.0
4058,-50.0
4059,0.0
4060,50.0
4061,0.0
4062,0.0
4063,0.0
4064,0.0
4065,0.0
4066,50.0
4067,50.0
4068,0.0
4069,0.0
4070,0.0
4071,50.0
4072,0.0
4073,0.0
4074,50.0
4075,0.0
4076,50.0
4077,0.0
4078,50.0
4079,0.0
4080,0.0
4081,0.0
4082,50.0
4083,50.0
4084,50.0
4085,50.0
4086,0.0
4087,50.0
4088,50.0
4089,0.0
4090,0.0
4091,50.0
4092,50.0
4093,50.0
4094,0.0
4095,50.0
4096,0.0
4097,50.0
4098,50.0
4099,50.0
4100,0.0
4101,50.0
4102,50.0
4103,50.0
4104,0.0
4105,50.0
4106,0.0
4107,0.0
4108,-50.0
4109,0.0
4110,0.0
4111,50.0
4112,50.0
4113,50.0
4114,0.0
4115,50.0
4116,50.0
4117,50.0
4118,0.0
4119,50.0
4120,0.0
4121,50.0
4122,0.0
4123,50.0
4124,50.0
4125,0.0
4126,0.0
4127,0.0
4128,50.0
4129,0.0
4130,-50.0
4131,50.0
4132,0.0
4133,0.0
4134,0.0
4135,0.0
4136,0.0
4137,50.0
4138,0.0
4139,50.0
4140,0.0
4141,50.0
4142,50.0
4143,50.0
4144,0.0
4145,0.0
4146,-50.0
4147,0.0
4148,50.0
4149,0.0
4150,0.0
4151,0.0
4152,50.0
4153,50.0
4154,50.0
4155,50.0
4156,0.0
4157,50.0
4158,50.0
4159,50.0
4160,0.0
4161,50.0
4162,-50.0
4163,50.0
4164,50.0
4165,50.0
4166,-50.0
4167,50.0
4168,0.0
4169,0.0
4170,0.0
4171,50.0
4172,50.0
4173,50.0
4174,0.0
4175,0.0
4176,0.0
4177,50.0
4178,50.0
4179,50.0
4180,50.0
4181,0.0
4182,50.0
4183,50.0
4184,0.0
4185,50.0
4186,0.0
4187,50.0
4188,50.0
4189,50.0
4190,50.0
4191,50.0
4192,0.0
4193,50.0
4194,50.0
4195,50.0
4196,0.0
4197,50.0
4198,50.0
4199,50.0
4200,0.0
4201,0.0
4202,0.0
4203,50.0
4204,0.0
4205,50.0
4206,0.0
4207,50.0
4208,0.0
4209,0.0
4210,0.0
4211,50.0
4212,0.0
4213,50.0
4214,-50.0
4215,50.0
4216,-50.0
4217,50.0
4218,0.0
4219,50.0
4220,0.0
4221,50.0
4222,0.0
4223,0.0
4224,50.0
4225,0.0
4226,50.0
4227,50.0
4228,50.0
4229,0.0
4230,0.0
4231,50.0
4232,50.0
4233,0.0
4234,0.0
4235,50.0
4236,50.0
4237,50.0
4238,50.0
4239,0.0
4240,50.0
4241,50.0
4242,0.0
4243,0.0
4244,-50.0
4245,50.0
4246,0.0
4247,0.0
4248,50.0
4249,0.0
4250,50.0
4251,0.0
4252,50.0
4253,-50.0
4254,0.0
4255,0.0
4256,0.0
4257,50.0
4258,0.0
4259,50.0
4260,-50.0
4261,50.0
4262,0.0
4263,0.0
4264,0.0
4265,0.0
4266,50.0
4267,50.0
4268,0.0
4269,50.0
4270,50.0
4271,50.0
4272,0.0
4273,0.0
4274,0.0
4275,0.0
4276,50.0
4277,0.0
4278,-50.0
4279,0.0
4280,50.0
4281,50.0
4282,0.0
4283,0.0
4284,0.0
4285,0.0
4286,0.0
4287,50.0
4288,50.0
4289,50.0
4290,50.0
4291,50.0
4292,50.0
4293,0.0
4294,50.0
4295,50.0
4296,0.0
4297,50.0
4298,0.0
4299,0.0
4300,0.0
4301,50.0
4302,0.0
4303,0.0
4304,0.0
4305,50.0
4306,0.0
4307,0.0
4308,50.0
4309,50.0
4310,0.0
4311,50.0
4312,50.0
4313,0.0
4314,50.0
4315,50.0
4316,0.0
4317,50.0
4318,0.0
4319,0.0
4320,0.0
4321,0.0
4322,0.0
4323,50.0
4324,50.0
4325,0.0
4326,50.0
4327,0.0
4328,-50.0
4329,0.0
4330,0.0
4331,50.0
4332,0.0
4333,0.0
4334,0.0
4335,50.0
4336,0.0
4337,0.0
4338,50.0
4339,50.0
4340,0.0
4341,50.0
4342,0.0
4343,0.0
4344,0.0
4345,50.0
4346,0.0
4347,50.0
4348,-50.0
4349,50.0
4350,50.0
4351,50.0
4352,0.0
4353,50.0
4354,-50.0
4355,50.0
4356,0.0
4357,0.0
4358,0.0
4359,0.0
4360,50.0
4361,0.0
4362,0.0
4363,50.0
4364,-50.0
4365,0.0
4366,0.0
4367,0.0
4368,50.0
4369,0.0
4370,-50.0
4371,0.0
4372,50.0
4373,50.0
4374,0.0
4375,50.0
4376,-50.0
4377,0.0
4378,0.0
4379,50.0
4380,50.0
4381,0.0
4382,0.0
4383,50.0
4384,50.0
4385,0.0
4386,50.0
4387,50.0
4388,50.0
4389,50.0
4390,0.0
4391,0.0
4392,0.0
4393,50.0
4394,50.0
4395,0.0
4396,0.0
4397,0.0
4398,50.0
4399,0.0
4400,50.0
4401,0.0
4402,0.0
4403,0.0
4404,0.0
4405,50.0
4406,0.0
4407,0.0
4408,0.0
4409,0.0
4410,0.0
4411,0.0
4412,50.0
4413,0.0
4414,50.0
4415,50.0
4416,50.0
4417,50.0
4418,-50.0
4419,0.0
4420,50.0
4421,50.0
4422,-50.0
4423,50.0
4424,50.0
4425,50.0
4426,0.0
4427,0.0
4428,50.0
4429,0.0
4430,50.0
4431,0.0
4432,50.0
4433,50.0
4434,-50.0
4435,0.0
4436,50.0
4437,50.0
4438,50.0
4439,50.0
4440,0.0
4441,50.0
4442,0.0
4443,0.0
4444,0.0
4445,0.0
4446,50.0
4447,0.0
4448,0.0
4449,50.0
4450,50.0
4451,0.0
4452,0.0
4453,0.0
4454,50.0
4455,50.0
4456,0.0
4457,50.0
4458,50.0
4459,0.0
4460,50.0
4461,0.0
4462,50.0
4463,0.0
4464,0.0
4465,50.0
4466,50.0
4467,50.0
4468,50.0
4469,0.0
4470,50.0
4471,0.0
4472,50.0
4473,50.0
4474,0.0
4475,50.0
4476,0.0
4477,0.0
4478,50.0
4479,50.0
4480,50.0
4481,50.0
4482,-50.0
4483,50.0
4484,50.0
4485,50.0
4486,0.0
4487,0.0
4488,0.0
4489,0.0
4490,0.0
4491,0.0
4492,50.0
4493,50.0
4494,0.0
4495,50.0
4496,50.0
4497,0.0
4498,50.0
4499,0.0
4500,0.0
4501,0.0
4502,50.0
4503,50.0
4504,0.0
4505,50.0
4506,50.0
4507,50.0
4508,-50.0
4509,50.0
4510,0.0
4511,0.0
4512,50.0
4513,0.0
4514,-50.0
4515,0.0
4516,-50.0
4517,0.0
4518,0.0
4519,50.0
4520,0.0
4521,0.0
4522,50.0
4523,0.0
4524,50.0
4525,50.0
4526,-50.0
4527,50.0
4528,0.0
4529,50.0
4530,0.0
4531,50.0
4532,0.0
4533,0.0
4534,50.0
4535,50.0
4536,0.0
4537,50.0
4538,0.0
4539,50.0
4540,50.0
4541,0.0
4542,-50.0
4543,50.0
4544,0.0
4545,-50.0
4546,-50.0
4547,50.0
4548,-50.0
4549,50.0
4550,50.0
4551,0.0
4552,0.0
4553,0.0
4554,50.0
4555,0.0
4556,0.0
4557,50.0
4558,0.0
4559,0.0
4560,50.0
4561,50.0
4562,50.0
4563,0.0
4564,0.0
4565,0.0
4566,0.0
4567,0.0
4568,-50.0
4569,0.0
4570,0.0
4571,50.0
4572,50.0
4573,50.0
4574,50.0
4575,50.0
4576,0.0
4577,50.0
4578,0.0
4579,0.0
4580,0.0
4581,0.0
4582,0.0
4583,0.0
4584,0.0
4585,0.0
4586,-50.0
4587,0.0
4588,0.0
4589,0.0
4590,0.0
4591,50.0
4592,50.0
4593,50.0
4594,-50.0
4595,0.0
4596,50.0
4597,0.0
4598,0.0
4599,50.0
4600,50.0
4601,50.0
4602,0.0
4603,50.0
4604,0.0
4605,0.0
4606,0.0
4607,0.0
4608,50.0
4609,0.0
4610,0.0
4611,50.0
4612,0.0
4613,50.0
4614,50.0
4615,0.0
4616,0.0
4617,50.0
4618,0.0
4619,0.0
4620,50.0
4621,50.0
4622,50.0
4623,0.0
4624,0.0
4625,0.0
4626,0.0
4627,50.0
4628,0.0
4629,50.0
4630,-50.0
4631,50.0
4632,-50.0
4633,50.0
4634,0.0
4635,0.0
4636,0.0
4637,0.0
4638,50.0
4639,0.0
4640,50.0
4641,0.0
4642,0.0
4643,50.0
4644,0.0
4645,0.0
4646,0.0
4647,50.0
4648,0.0
4649,50.0
4650,0.0
4651,0.0
4652,0.0
4653,50.0
4654,-50.0
4655,0.0
4656,50.0
4657,50.0
4658,50.0
4659,0.0
4660,50.0
4661,0.0
4662,50.0
4663,0.0
4664,0.0
4665,50.0
4666,0.0
4667,50.0
4668,0.0
4669,0.0
4670,50.0
4671,50.0
4672,0.0
4673,0.0
4674,0.0
4675,0.0
4676,50.0
4677,0.0
4678,0.0
4679,50.0
4680,50.0
4681,50.0
4682,0.0
4683,0.0
4684,50.0
4685,0.0
4686,0.0
4687,50.0
4688,50.0
4689,0.0
4690,0.0
4691,0.0
4692,50.0
4693,0.0
4694,0.0
4695,50.0
4696,50.0
4697,0.0
4698,-50.0
4699,50.0
4700,50.0
4701,0.0
4702,0.0
4703,0.0
4704,0.0
4705,0.0
4706,50.0
4707,50.0
4708,0.0
4709,50.0
4710,50.0
4711,50.0
4712,0.0
4713,-50.0
4714,0.0
4715,50.0
4716,0.0
4717,0.0
4718,50.0
4719,50.0
4720,0.0
4721,0.0
4722,0.0
4723,50.0
4724,50.0
4725,50.0
4726,0.0
4727,50.0
4728,0.0
4729,50.0
4730,50.0
4731,0.0
4732,50.0
4733,0.0
4734,50.0
4735,0.0
4736,50.0
4737,50.0
4738,50.0
4739,0.0
4740,-50.0
4741,50.0
4742,0.0
4743,0.0
4744,0.0
4745,0.0
4746,0.0
4747,50.0
4748,50.0
4749,50.0
4750,50.0
4751,50.0
4752,50.0
4753,50.0
4754,0.0
4755,50.0
4756,50.0
4757,0.0
4758,0.0
4759,0.0
4760,0.0
4761,0.0
4762,0.0
4763,50.0
4764,50.0
4765,0.0
4766,0.0
4767,0.0
4768,50.0
4769,50.0
4770,50.0
4771,50.0
4772,0.0
4773,50.0
4774,0.0
4775,0.0
4776,50.0
4777,50.0
4778,0.0
4779,0.0
4780,50.0
4781,50.0
4782,0.0
4783,0.0
4784,0.0
4785,0.0
4786,50.0
4787,50.0
4788,50.0
4789,50.0
4790,50.0
4791,50.0
4792,0.0
4793,0.0
4794,0.0
4795,50.0
4796,0.0
4797,50.0
4798,0.0
4799,50.0
4800,0.0
4801,50.0
4802,-50.0
4803,50.0
4804,50.0
4805,50.0
4806,50.0
4807,50.0
4808,0.0
4809,50.0
4810,0.0
4811,50.0
4812,-50.0
4813,0.0
4814,50.0
4815,0.0
4816,50.0
4817,0.0
4818,50.0
4819,50.0
4820,0.0
4821,0.0
4822,50.0
4823,0.0
4824,50.0
4825,50.0
4826,0.0
4827,50.0
4828,50.0
4829,0.0
4830,0.0
4831,50.0
4832,50.0
4833,50.0
4834,50.0
4835,0.0
4836,0.0
4837,0.0
4838,0.0
4839,0.0
4840,50.0
4841,0.0
4842,50.0
4843,50.0
4844,-50.0
4845,50.0
4846,0.0
4847,50.0
4848,0.0
4849,0.0
4850,0.0
4851,0.0
4852,0.0
4853,50.0
4854,0.0
4855,0.0
4856,50.0
4857,50.0
4858,50.0
4859,0.0
4860,50.0
4861,0.0
4862,0.0
4863,50.0
4864,50.0
4865,0.0
4866,-50.0
4867,50.0
4868,50.0
4869,50.0
4870,0.0
4871,0.0
4872,50.0
4873,0.0
4874,50.0
4875,50.0
4876,-50.0
4877,0.0
4878,0.0
4879,50.0
4880,0.0
4881,50.0
4882,50.0
4883,0.0
4884,-50.0
4885,50.0
4886,0.0
4887,0.0
4888,50.0
4889,50.0
4890,0.0
4891,50.0
4892,50.0
4893,50.0
4894,0.0
4895,50.0
4896,-50.0
4897,0.0
4898,50.0
4899,50.0
4900,0.0
4901,0.0
4902,50.0
4903,0.0
4904,0.0
4905,50.0
4906,0.0
4907,50.0
4908,50.0
4909,50.0
4910,50.0
4911,0.0
4912,0.0
4913,0.0
4914,0.0
4915,0.0
4916,-50.0
4917,0.0
4918,50.0
4919,0.0
4920,0.0
4921,50.0
4922,0.0
4923,0.0
4924,0.0
4925,0.0
4926,50.0
4927,0.0
4928,0.0
4929,50.0
4930,50.0
4931,50.0
4932,50.0
4933,50.0
4934,0.0
4935,50.0
4936,50.0
4937,0.0
4938,50.0
4939,0.0
4940,0.0
4941,0.0
4942,0.0
4943,0.0
4944,50.0
4945,0.0
4946,0.0
4947,0.0
4948,0.0
4949,50.0
4950,50.0
4951,0.0
4952,0.0
4953,50.0
4954,50.0
4955,0.0
4956,0.0
4957,0.0
4958,50.0
4959,0.0
4960,50.0
4961,50.0
4962,50.0
4963,50.0
4964,-50.0
4965,0.0
4966,50.0
4967,50.0
4968,0.0
4969,50.0
4970,50.0
4971,0.0
4972,0.0
4973,50.0
4974,0.0
4975,50.0
4976,0.0
4977,0.0
4978,0.0
4979,50.0
4980,0.0
4981,0.0
4982,0.0
4983,50.0
4984,0.0
4985,50.0
4986,0.0
4987,0.0
4988,-50.0
4989,50.0
4990,0.0
4991,50.0
4992,0.0
4993,0.0
4994,0.0
4995,50.0
4996,0.0
4997,0.0
4998,50.0
4999,50.0
5000,50.0
5001,50.0
5002,0.0
5003,50.0
5004,0.0
5005,0.0
5006,0.0
5007,50.0
5008,50.0
5009,50.0
5010,0.0
5011,50.0
5012,0.0
5013,0.0
5014,0.0
5015,0.0
5016,-50.0
5017,0.0
5018,50.0
5019,50.0
5020,50.0
5021,50.0
5022,0.0
5023,0.0
5024,0.0
5025,0.0
5026,50.0
5027,0.0
5028,50.0
5029,0.0
5030,-50.0
5031,50.0
5032,50.0
5033,0.0
5034,50.0
5035,50.0
5036,-50.0
5037,0.0
5038,0.0
5039,50.0
5040,50.0
5041,0.0
5042,0.0
5043,0.0
5044,50.0
5045,0.0
5046,50.0
5047,50.0
5048,50.0
5049,50.0
5050,50.0
5051,50.0
5052,50.0
5053,50.0
5054,0.0
5055,0.0
5056,0.0
5057,0.0
5058,0.0
5059,50.0
5060,0.0
5061,50.0
5062,50.0
5063,50.0
5064,0.0
5065,0.0
5066,0.0
5067,0.0
5068,0.0
5069,50.0
5070,0.0
5071,0.0
5072,0.0
5073,50.0
5074,0.0
5075,50.0
5076,50.0
5077,50.0
5078,50.0
5079,50.0
5080,50.0
5081,50.0
5082,-50.0
5083,50.0
5084,50.0
5085,50.0
5086,50.0
5087,50.0
5088,50.0
5089,50.0
5090,0.0
5091,50.0
5092,0.0
5093,50.0
5094,0.0
5095,0.0
5096,0.0
5097,0.0
5098,0.0
5099,50.0
5100,-50.0
5101,50.0
5102,50.0
5103,0.0
5104,0.0
5105,50.0
5106,0.0
5107,50.0
5108,0.0
5109,0.0
5110,50.0
5111,0.0
5112,-50.0
5113,0.0
5114,-50.0
5115,50.0
5116,50.0
5117,0.0
5118,50.0
5119,0.0
5120,0.0
5121,0.0
5122,50.0
5123,50.0
5124,0.0
5125,0.0
5126,50.0
5127,0.0
5128,0.0
5129,0.0
5130,50.0
5131,0.0
5132,0.0
5133,0.0
5134,50.0
5135,0.0
5136,0.0
5137,0.0
5138,50.0
5139,0.0
5140,50.0
5141,50.0
5142,0.0
5143,0.0
5144,0.0
5145,50.0
5146,0.0
5147,0.0
5148,0.0
5149,0.0
5150,0.0
5151,0.0
5152,50.0
5153,50.0
5154,0.0
5155,0.0
5156,0.0
5157,0.0
5158,50.0
5159,0.0
5160,0.0
5161,0.0
5162,-50.0
5163,0.0
5164,0.0
5165,50.0
5166,0.0
5167,0.0
5168,50.0
5169,50.0
5170,50.0
5171,0.0
5172,0.0
5173,0.0
5174,0.0
5175,0.0
5176,0.0
5177,0.0
5178,50.0
5179,0.0
5180,0.0
5181,50.0
5182,0.0
5183,50.0
5184,50.0
5185,50.0
5186,0.0
5187,50.0
5188,0.0
5189,50.0
5190,50.0
5191,50.0
5192,0.0
5193,0.0
5194,50.0
5195,0.0
5196,0.0
5197,50.0
5198,-50.0
5199,0.0
5200,50.0
5201,0.0
5202,0.0
5203,50.0
5204,50.0
5205,0.0
5206,0.0
5207,0.0
5208,0.0
5209,50.0
5210,0.0
5211,50.0
5212,-50.0
5213,50.0
5214,50.0
5215,0.0
5216,0.0
5217,0.0
5218,0.0
5219,50.0
5220,0.0
5221,0.0
5222,50.0
5223,50.0
5224,50.0
5225,50.0
5226,0.0
5227,0.0
5228,50.0
5229,50.0
5230,0.0
5231,50.0
5232,50.0
5233,50.0
5234,0.0
5235,0.0
5236,50.0
5237,0.0
5238,0.0
5239,50.0
5240,0.0
5241,50.0
5242,50.0
5243,50.0
5244,50.0
5245,50.0
5246,0.0
5247,50.0
5248,0.0
5249,0.0
5250,50.0
5251,50.0
5252,0.0
5253,0.0
5254,0.0
5255,50.0
5256,0.0
5257,50.0
5258,0.0
5259,0.0
5260,-50.0
5261,0.0
5262,0.0
5263,50.0
5264,50.0
5265,50.0
5266,50.0
5267,0.0
5268,0.0
5269,50.0
5270,50.0
5271,50.0
5272,0.0
5273,0.0
5274,50.0
5275,0.0
5276,50.0
5277,0.0
5278,50.0
5279,50.0
5280,50.0
5281,50.0
5282,50.0
5283,0.0
5284,50.0
5285,50.0
5286,50.0
5287,50.0
5288,0.0
5289,0.0
5290,0.0
5291,50.0
5292,50.0
5293,50.0
5294,0.0
5295,0.0
5296,50.0
5297,0.0
5298,0.0
5299,0.0
5300,-50.0
5301,0.0
5302,50.0
5303,0.0
5304,50.0
5305,50.0
5306,0.0
5307,50.0
5308,50.0
5309,50.0
5310,50.0
5311,50.0
5312,50.0
5313,0.0
5314,0.0
5315,0.0
5316,50.0
5317,50.0
5318,0.0
5319,50.0
5320,50.0
5321,50.0
5322,50.0
5323,0.0
5324,0.0
5325,0.0
5326,0.0
5327,50.0
5328,0.0
5329,0.0
5330,0.0
5331,50.0
5332,-50.0
5333,50.0
5334,0.0
5335,0.0
5336,50.0
5337,50.0
5338,50.0
5339,50.0
5340,0.0
5341,0.0
5342,50.0
5343,0.0
5344,-50.0
5345,0.0
5346,0.0
5347,0.0
5348,0.0
5349,50.0
5350,0.0
5351,0.0
5352,0.0
5353,50.0
5354,50.0
5355,50.0
5356,50.0
5357,50.0
5358,50.0
5359,50.0
5360,50.0
5361,0.0
5362,0.0
5363,0.0
5364,0.0
5365,50.0
5366,0.0
5367,50.0
5368,0.0
5369,0.0
5370,0.0
5371,0.0
5372,0.0
5373,0.0
5374,50.0
5375,50.0
5376,-50.0
5377,0.0
5378,0.0
5379,50.0
5380,50.0
5381,50.0
5382,0.0
5383,50.0
5384,0.0
5385,0.0
5386,50.0
5387,50.0
5388,50.0
5389,50.0
5390,0.0
5391,0.0
5392,50.0
5393,0.0
5394,50.0
5395,50.0
5396,-50.0
5397,50.0
5398,0.0
5399,50.0
5400,0.0
5401,50.0
5402,0.0
5403,50.0
5404,50.0
5405,0.0
5406,0.0
5407,50.0
5408,0.0
5409,50.0
5410,50.0
5411,0.0
5412,50.0
5413,50.0
5414,0.0
5415,0.0
5416,0.0
5417,50.0
5418,50.0
5419,0.0
5420,0.0
5421,0.0
5422,0.0
5423,50.0
5424,50.0
5425,50.0
5426,0.0
5427,0.0
5428,0.0
5429,0.0
5430,50.0
5431,50.0
5432,0.0
5433,50.0
5434,0.0
5435,0.0
5436,0.0
5437,0.0
5438,0.0
5439,0.0
5440,50.0
5441,0.0
5442,50.0
5443,0.0
5444,50.0
5445,50.0
5446,0.0
5447,0.0
5448,0.0
5449,50.0
5450,0.0
5451,50.0
5452,0.0
5453,50.0
5454,0.0
5455,0.0
5456,50.0
5457,50.0
5458,0.0
5459,0.0
5460,50.0
5461,0.0
5462,0.0
5463,0.0
5464,0.0
5465,50.0
5466,50.0
5467,0.0
5468,50.0
5469,50.0
5470,0.0
5471,50.0
5472,-50.0
5473,50.0
5474,0.0
5475,0.0
5476,0.0
5477,50.0
5478,50.0
5479,0.0
5480,0.0
5481,0.0
5482,0.0
5483,0.0
5484,-50.0
5485,0.0
5486,-50.0
5487,0.0
5488,0.0
5489,0.0
5490,0.0
5491,0.0
5492,50.0
5493,50.0
5494,50.0
5495,0.0
5496,0.0
5497,0.0
5498,50.0
5499,0.0
5500,0.0
5501,50.0
5502,0.0
5503,50.0
5504,50.0
5505,0.0
5506,0.0
5507,0.0
5508,50.0
5509,50.0
5510,50.0
5511,0.0
5512,0.0
5513,0.0
5514,-50.0
5515,50.0
5516,0.0
5517,0.0
5518,0.0
5519,0.0
5520,50.0
5521,0.0
5522,50.0
5523,50.0
5524,0.0
5525,0.0
5526,50.0
5527,50.0
5528,50.0
5529,50.0
5530,0.0
5531,50.0
5532,50.0
5533,0.0
5534,-50.0
5535,50.0
5536,50.0
5537,0.0
5538,50.0
5539,0.0
5540,50.0
5541,50.0
5542,50.0
5543,0.0
5544,0.0
5545,0.0
5546,50.0
5547,50.0
5548,0.0
5549,0.0
5550,0.0
5551,50.0
5552,0.0
5553,50.0
5554,50.0
5555,0.0
5556,0.0
5557,50.0
5558,50.0
5559,0.0
5560,0.0
5561,50.0
5562,0.0
5563,0.0
5564,50.0
5565,50.0
5566,-50.0
5567,0.0
5568,50.0
5569,0.0
5570,0.0
5571,0.0
5572,-50.0
5573,50.0
5574,0.0
5575,50.0
5576,0.0
5577,0.0
5578,50.0
5579,50.0
5580,50.0
5581,50.0
5582,50.0
5583,50.0
5584,50.0
5585,0.0
5586,50.0
5587,0.0
5588,0.0
5589,50.0
5590,0.0
5591,0.0
5592,0.0
5593,50.0
5594,0.0
5595,0.0
5596,-50.0
5597,50.0
5598,50.0
5599,0.0
5600,50.0
5601,50.0
5602,0.0
5603,50.0
5604,50.0
5605,0.0
5606,50.0
5607,0.0
5608,50.0
5609,50.0
5610,0.0
5611,50.0
5612,50.0
5613,50.0
5614,0.0
5615,0.0
5616,-50.0
5617,50.0
5618,0.0
5619,0.0
5620,0.0
5621,50.0
5622,50.0
5623,50.0
5624,50.0
5625,50.0
5626,50.0
5627,0.0
5628,0.0
5629,0.0
5630,-50.0
5631,50.0
5632,50.0
5633,50.0
5634,50.0
5635,0.0
5636,50.0
5637,0.0
5638,-50.0
5639,50.0
5640,0.0
5641,0.0
5642,50.0
5643,-50.0
5644,50.0
5645,0.0
5646,0.0
5647,0.0
5648,50.0
5649,50.0
5650,0.0
5651,0.0
5652,50.0
5653,0.0
5654,0.0
5655,0.0
5656,0.0
5657,0.0
5658,0.0
5659,0.0
5660,50.0
5661,50.0
5662,0.0
5663,0.0
5664,0.0
5665,0.0
5666,50.0
5667,0.0
5668,50.0
5669,50.0
5670,50.0
5671,0.0
5672,50.0
5673,0.0
5674,50.0
5675,50.0
5676,50.0
5677,0.0
5678,-50.0
5679,0.0
5680,0.0
5681,50.0
5682,-50.0
5683,50.0
5684,50.0
5685,50.0
5686,-50.0
5687,0.0
5688,50.0
5689,0.0
5690,50.0
5691,0.0
5692,50.0
5693,0.0
5694,0.0
5695,0.0
5696,50.0
5697,50.0
5698,50.0
5699,0.0
5700,0.0
5701,0.0
5702,0.0
5703,0.0
5704,50.0
5705,50.0
5706,50.0
5707,50.0
5708,-50.0
5709,0.0
5710,50.0
5711,0.0
5712,0.0
5713,50.0
5714,-50.0
5715,50.0
5716,50.0
5717,0.0
5718,-50.0
5719,0.0
5720,0.0
5721,50.0
5722,50.0
5723,0.0
5724,50.0
5725,50.0
5726,0.0
5727,0.0
5728,0.0
5729,50.0
5730,0.0
5731,0.0
5732,0.0
5733,0.0
5734,0.0
5735,50.0
5736,0.0
5737,0.0
5738,50.0
5739,0.0
5740,50.0
5741,0.0
5742,50.0
5743,0.0
5744,50.0
5745,50.0
5746,50.0
5747,50.0
5748,0.0
5749,0.0
5750,50.0
5751,50.0
5752,0.0
5753,50.0
5754,0.0
5755,50.0
5756,0.0
5757,50.0
5758,50.0
5759,50.0
5760,50.0
5761,50.0
5762,50.0
5763,50.0
5764,0.0
5765,0.0
5766,50.0
5767,0.0
5768,0.0
5769,50.0
5770,50.0
5771,50.0
5772,50.0
5773,50.0
5774,50.0
5775,50.0
5776,-50.0
5777,50.0
5778,0.0
5779,50.0
5780,0.0
5781,50.0
5782,50.0
5783,0.0
5784,0.0
5785,0.0
5786,50.0
5787,50.0
5788,0.0
5789,50.0
5790,0.0
5791,50.0
5792,0.0
5793,50.0
5794,50.0
5795,0.0
5796,0.0
5797,50.0
5798,0.0
5799,0.0
5800,50.0
5801,50.0
5802,0.0
5803,0.0
5804,50.0
5805,0.0
5806,50.0
5807,50.0
5808,50.0
5809,50.0
5810,50.0
5811,0.0
5812,50.0
5813,0.0
5814,50.0
5815,0.0
5816,0.0
5817,50.0
5818,0.0
5819,50.0
5820,0.0
5821,50.0
5822,0.0
5823,0.0
5824,50.0
5825,50.0
5826,50.0
5827,50.0
5828,0.0
5829,50.0
5830,0.0
5831,0.0
5832,50.0
5833,0.0
5834,50.0
5835,0.0
5836,50.0
5837,50.0
5838,50.0
5839,50.0
5840,50.0
5841,50.0
5842,50.0
5843,0.0
5844,50.0
5845,0.0
5846,0.0
5847,50.0
5848,0.0
5849,50.0
5850,0.0
5851,0.0
5852,50.0
5853,50.0
5854,50.0
5855,0.0
5856,50.0
5857,0.0
5858,50.0
5859,0.0
5860,0.0
5861,0.0
5862,50.0
5863,0.0
5864,0.0
5865,0.0
5866,0.0
5867,0.0
5868,50.0
5869,0.0
5870,50.0
5871,0.0
5872,50.0
5873,50.0
5874,50.0
5875,50.0
5876,50.0
5877,50.0
5878,50.0
5879,0.0
5880,-50.0
5881,0.0
5882,0.0
5883,50.0
5884,0.0
5885,0.0
5886,0.0
5887,0.0
5888,0.0
5889,0.0
5890,0.0
5891,0.0
5892,50.0
5893,0.0
5894,0.0
5895,0.0
5896,50.0
5897,0.0
5898,50.0
5899,0.0
5900,50.0
5901,0.0
5902,0.0
5903,0.0
5904,0.0
5905,0.0
5906,0.0
5907,0.0
5908,0.0
5909,0.0
5910,50.0
5911,0.0
5912,0.0
5913,50.0
5914,0.0
5915,50.0
5916,50.0
5917,0.0
5918,0.0
5919,50.0
5920,0.0
5921,0.0
5922,50.0
5923,0.0
5924,0.0
5925,50.0
5926,-50.0
5927,50.0
5928,0.0
5929,0.0
5930,50.0
5931,50.0
5932,50.0
5933,0.0
5934,50.0
5935,50.0
5936,0.0
5937,0.0
5938,0.0
5939,50.0
5940,-50.0
5941,50.0
5942,50.0
5943,0.0
5944,0.0
5945,50.0
5946,50.0
5947,50.0
5948,0.0
5949,0.0
5950,0.0
5951,0.0
5952,50.0
5953,50.0
5954,50.0
5955,50.0
5956,0.0
5957,0.0
5958,50.0
5959,0.0
5960,0.0
5961,0.0
5962,50.0
5963,0.0
5964,0.0
5965,0.0
5966,50.0
5967,50.0
5968,0.0
5969,0.0
5970,50.0
5971,50.0
5972,-50.0
5973,0.0
5974,-50.0
5975,0.0
5976,50.0
5977,0.0
5978,50.0
5979,0.0
5980,50.0
5981,0.0
5982,50.0
5983,50.0
5984,50.0
5985,0.0
5986,50.0
5987,50.0
5988,50.0
5989,50.0
5990,50.0
5991,0.0
5992,0.0
5993,50.0
5994,0.0
5995,0.0
5996,0.0
5997,50.0
5998,0.0
5999,50.0
6000,0.0
6001,50.0
6002,0.0
6003,50.0
6004,-50.0
6005,50.0
6006,50.0
6007,0.0
6008,0.0
6009,0.0
6010,0.0
6011,0.0
6012,0.0
6013,0.0
6014,0.0
6015,0.0
6016,50.0
6017,50.0
6018,50.0
6019,50.0
6020,50.0
6021,0.0
6022,-50.0
6023,50.0
6024,-50.0
6025,0.0
6026,0.0
6027,0.0
6028,0.0
6029,0.0
6030,0.0
6031,0.0
6032,0.0
6033,0.0
6034,50.0
6035,0.0
6036,0.0
6037,0.0
6038,0.0
6039,0.0
6040,0.0
6041,50.0
6042,50.0
6043,0.0
6044,50.0
6045,50.0
6046,0.0
6047,50.0
6048,50.0
6049,50.0
6050,50.0
6051,50.0
6052,50.0
6053,0.0
6054,0.0
6055,0.0
6056,-50.0
6057,0.0
6058,50.0
6059,50.0
6060,50.0
6061,50.0
6062,50.0
6063,0.0
6064,0.0
6065,0.0
6066,0.0
6067,0.0
6068,50.0
6069,0.0
6070,0.0
6071,0.0
6072,50.0
6073,0.0
6074,-50.0
6075,0.0
6076,50.0
6077,50.0
6078,0.0
6079,50.0
6080,-50.0
6081,50.0
6082,0.0
6083,0.0
6084,-50.0
6085,0.0
6086,0.0
6087,50.0
6088,50.0
6089,50.0
6090,50.0
6091,50.0
6092,-50.0
6093,50.0
6094,50.0
6095,50.0
6096,-50.0
6097,0.0
6098,50.0
6099,50.0
6100,-50.0
6101,0.0
6102,50.0
6103,50.0
6104,50.0
6105,0.0
6106,50.0
6107,50.0
6108,50.0
6109,0.0
6110,50.0
6111,50.0
6112,0.0
6113,50.0
6114,50.0
6115,50.0
6116,-50.0
6117,50.0
6118,-50.0
6119,0.0
6120,0.0
6121,50.0
6122,0.0
6123,0.0
6124,0.0
6125,0.0
6126,0.0
6127,0.0
6128,0.0
6129,50.0
6130,0.0
6131,50.0
6132,0.0
6133,50.0
6134,0.0
6135,50.0
6136,0.0
6137,50.0
6138,50.0
6139,50.0
6140,-50.0
6141,50.0
6142,50.0
6143,0.0
6144,0.0
6145,0.0
6146,50.0
6147,0.0
6148,50.0
6149,0.0
6150,0.0
6151,50.0
6152,50.0
6153,0.0
6154,50.0
6155,0.0
6156,50.0
6157,0.0
6158,0.0
6159,50.0
6160,0.0
6161,50.0
6162,0.0
6163,0.0
6164,50.0
6165,0.0
6166,0.0
6167,0.0
6168,0.0
6169,0.0
6170,0.0
6171,50.0
6172,0.0
6173,0.0
6174,50.0
6175,0.0
6176,50.0
6177,0.0
6178,50.0
6179,50.0
6180,0.0
6181,0.0
6182,50.0
6183,0.0
6184,50.0
6185,0.0
6186,50.0
6187,0.0
6188,50.0
6189,0.0
6190,0.0
6191,0.0
6192,0.0
6193,0.0
6194,50.0
6195,50.0
6196,50.0
6197,0.0
6198,0.0
6199,0.0
6200,50.0
6201,50.0
6202,50.0
6203,50.0
6204,50.0
6205,50.0
6206,50.0
6207,50.0
6208,0.0
6209,50.0
6210,50.0
6211,50.0
6212,0.0
6213,0.0
6214,50.0
6215,0.0
6216,50.0
6217,50.0
6218,0.0
6219,50.0
6220,0.0
6221,0.0
6222,50.0
6223,0.0
6224,50.0
6225,0.0
6226,0.0
6227,50.0
6228,50.0
6229,0.0
6230,-50.0
6231,50.0
6232,50.0
6233,0.0
6234,0.0
6235,0.0
6236,0.0
6237,0.0
6238,50.0
6239,50.0
6240,50.0
6241,50.0
6242,0.0
6243,0.0
6244,50.0
6245,50.0
6246,0.0
6247,50.0
6248,0.0
6249,50.0
6250,0.0
6251,50.0
6252,50.0
6253,50.0
6254,0.0
6255,0.0
6256,0.0
6257,50.0
6258,50.0
6259,50.0
6260,50.0
6261,0.0
6262,50.0
6263,50.0
6264,0.0
6265,50.0
6266,0.0
6267,50.0
6268,-50.0
6269,0.0
6270,50.0
6271,0.0
6272,0.0
6273,0.0
6274,0.0
6275,50.0
6276,50.0
6277,50.0
6278,50.0
6279,0.0
6280,0.0
6281,0.0
6282,0.0
6283,0.0
6284,50.0
6285,50.0
6286,0.0
6287,0.0
6288,0.0
6289,50.0
6290,50.0
6291,0.0
6292,0.0
6293,50.0
6294,0.0
6295,0.0
6296,50.0
6297,0.0
6298,0.0
6299,0.0
6300,50.0
6301,50.0
6302,50.0
6303,50.0
6304,0.0
6305,0.0
6306,50.0
6307,50.0
6308,50.0
6309,50.0
6310,-50.0
6311,0.0
6312,50.0
6313,0.0
6314,50.0
6315,0.0
6316,0.0
6317,0.0
6318,0.0
6319,0.0
6320,0.0
6321,0.0
6322,0.0
6323,0.0
6324,0.0
6325,0.0
6326,0.0
6327,0.0
6328,50.0
6329,50.0
6330,50.0
6331,0.0
6332,50.0
6333,50.0
6334,50.0
6335,0.0
6336,0.0
6337,0.0
6338,50.0
6339,50.0
6340,0.0
6341,50.0
6342,50.0
6343,0.0
6344,0.0
6345,50.0
6346,50.0
6347,0.0
6348,50.0
6349,0.0
6350,0.0
6351,0.0
6352,0.0
6353,50.0
6354,0.0
6355,50.0
6356,0.0
6357,50.0
6358,50.0
6359,0.0
6360,0.0
6361,0.0
6362,0.0
6363,0.0
6364,50.0
6365,50.0
6366,50.0
6367,50.0
6368,0.0
6369,0.0
6370,0.0
6371,50.0
6372,50.0
6373,50.0
6374,50.0
6375,0.0
6376,50.0
6377,0.0
6378,50.0
6379,0.0
6380,0.0
6381,50.0
6382,50.0
6383,50.0
6384,50.0
6385,50.0
6386,0.0
6387,50.0
6388,0.0
6389,50.0
6390,0.0
6391,0.0
6392,0.0
6393,50.0
6394,0.0
6395,0.0
6396,0.0
6397,0.0
6398,50.0
6399,50.0
6400,0.0
6401,0.0
6402,50.0
6403,0.0
6404,0.0
6405,0.0
6406,50.0
6407,0.0
6408,50.0
6409,0.0
6410,0.0
6411,0.0
6412,50.0
6413,50.0
6414,50.0
6415,0.0
6416,50.0
6417,50.0
6418,-50.0
6419,0.0
6420,0.0
6421,50.0
6422,-50.0
6423,50.0
6424,50.0
6425,50.0
6426,-50.0
6427,50.0
6428,50.0
6429,0.0
6430,0.0
6431,0.0
6432,0.0
6433,50.0
6434,0.0
6435,0.0
6436,0.0
6437,50.0
6438,50.0
6439,50.0
6440,0.0
6441,50.0
6442,50.0
6443,0.0
6444,0.0
6445,50.0
6446,0.0
6447,50.0
6448,50.0
6449,50.0
6450,0.0
6451,0.0
6452,-50.0
6453,0.0
6454,50.0
6455,50.0
6456,0.0
6457,50.0
6458,-50.0
6459,50.0
6460,0.0
6461,50.0
6462,0.0
6463,0.0
6464,0.0
6465,0.0
6466,50.0
6467,0.0
6468,0.0
6469,50.0
6470,0.0
6471,50.0
6472,0.0
6473,0.0
6474,50.0
6475,50.0
6476,0.0
6477,50.0
6478,50.0
6479,0.0
6480,0.0
6481,0.0
6482,0.0
6483,50.0
6484,50.0
6485,50.0
6486,0.0
6487,0.0
6488,50.0
6489,50.0
6490,50.0
6491,50.0
6492,0.0
6493,50.0
6494,50.0
6495,0.0
6496,0.0
6497,0.0
6498,0.0
6499,0.0
6500,50.0
6501,50.0
6502,0.0
6503,50.0
6504,0.0
6505,50.0
6506,0.0
6507,50.0
6508,0.0
6509,50.0
6510,50.0
6511,50.0
6512,0.0
6513,50.0
6514,50.0
6515,50.0
6516,-50.0
6517,0.0
6518,0.0
6519,0.0
6520,50.0
6521,0.0
6522,50.0
6523,50.0
6524,50.0
6525,50.0
6526,0.0
6527,0.0
6528,-50.0
6529,50.0
6530,50.0
6531,50.0
6532,50.0
6533,50.0
6534,0.0
6535,50.0
6536,50.0
6537,50.0
6538,50.0
6539,-50.0
6540,50.0
6541,0.0
6542,50.0
6543,0.0
6544,-50.0
6545,50.0
6546,0.0
6547,50.0
6548,0.0
6549,0.0
6550,0.0
6551,0.0
6552,50.0
6553,50.0
6554,50.0
6555,0.0
6556,0.0
6557,0.0
6558,50.0
6559,50.0
6560,0.0
6561,0.0
6562,50.0
6563,0.0
6564,0.0
6565,0.0
6566,0.0
6567,50.0
6568,0.0
6569,0.0
6570,0.0
6571,50.0
6572,0.0
6573,0.0
6574,0.0
6575,50.0
6576,50.0
6577,0.0
6578,0.0
6579,0.0
6580,0.0
6581,50.0
6582,0.0
6583,50.0
6584,50.0
6585,0.0
6586,0.0
6587,0.0
6588,0.0
6589,50.0
6590,50.0
6591,50.0
6592,0.0
6593,50.0
6594,0.0
6595,50.0
6596,50.0
6597,50.0
6598,0.0
6599,0.0
6600,0.0
6601,0.0
6602,50.0
6603,0.0
6604,0.0
6605,50.0
6606,50.0
6607,50.0
6608,50.0
6609,0.0
6610,50.0
6611,0.0
6612,0.0
6613,50.0
6614,0.0
6615,50.0
6616,0.0
6617,50.0
6618,50.0
6619,0.0
6620,50.0
6621,50.0
6622,0.0
6623,0.0
6624,0.0
6625,50.0
6626,50.0
6627,0.0
6628,50.0
6629,0.0
6630,0.0
6631,50.0
6632,0.0
6633,50.0
6634,50.0
6635,0.0
6636,0.0
6637,50.0
6638,0.0
6639,50.0
6640,-50.0
6641,50.0
6642,0.0
6643,50.0
6644,50.0
6645,50.0
6646,50.0
6647,0.0
6648,0.0
6649,0.0
6650,0.0
6651,50.0
6652,-50.0
6653,50.0
6654,50.0
6655,0.0
6656,0.0
6657,50.0
6658,0.0
6659,50.0
6660,50.0
6661,0.0
6662,-50.0
6663,0.0
6664,50.0
6665,0.0
6666,50.0
6667,50.0
6668,50.0
6669,50.0
6670,0.0
6671,50.0
6672,50.0
6673,50.0
6674,50.0
6675,50.0
6676,50.0
6677,50.0
6678,0.0
6679,0.0
6680,0.0
6681,50.0
6682,0.0
6683,50.0
6684,50.0
6685,0.0
6686,50.0
6687,50.0
6688,50.0
6689,50.0
6690,0.0
6691,50.0
6692,0.0
6693,50.0
6694,50.0
6695,0.0
6696,0.0
6697,50.0
6698,50.0
6699,50.0
6700,50.0
6701,50.0
6702,0.0
6703,0.0
6704,0.0
6705,0.0
6706,0.0
6707,50.0
6708,0.0
6709,50.0
6710,0.0
6711,0.0
6712,0.0
6713,50.0
6714,0.0
6715,50.0
6716,0.0
6717,0.0
6718,-50.0
6719,0.0
6720,50.0
6721,50.0
6722,0.0
6723,0.0
6724,50.0
6725,50.0
6726,0.0
6727,50.0
6728,50.0
6729,50.0
6730,50.0
6731,0.0
6732,0.0
6733,0.0
6734,0.0
6735,0.0
6736,0.0
6737,50.0
6738,0.0
6739,0.0
6740,-50.0
6741,0.0
6742,0.0
6743,50.0
6744,0.0
6745,50.0
6746,50.0
6747,0.0
6748,0.0
6749,0.0
6750,0.0
6751,0.0
6752,0.0
6753,50.0
6754,50.0
6755,0.0
6756,50.0
6757,0.0
6758,50.0
6759,50.0
6760,50.0
6761,50.0
6762,50.0
6763,0.0
6764,50.0
6765,50.0
6766,50.0
6767,50.0
6768,0.0
6769,0.0
6770,50.0
6771,0.0
6772,50.0
6773,0.0
6774,0.0
6775,0.0
6776,0.0
6777,0.0
6778,0.0
6779,0.0
6780,0.0
6781,0.0
6782,-50.0
6783,0.0
6784,0.0
6785,0.0
6786,0.0
6787,0.0
6788,-50.0
6789,0.0
6790,0.0
6791,0.0
6792,0.0
6793,0.0
6794,50.0
6795,0.0
6796,-50.0
6797,0.0
6798,0.0
6799,0.0
6800,50.0
6801,0.0
6802,0.0
6803,0.0
6804,0.0
6805,0.0
6806,-50.0
6807,0.0
6808,-50.0
6809,0.0
6810,-50.0
6811,0.0
6812,0.0
6813,0.0
6814,0.0
6815,0.0
6816,0.0
6817,0.0
6818,0.0
6819,0.0
6820,0.0
6821,0.0
6822,-50.0
6823,0.0
6824,0.0
6825,0.0
6826,0.0
6827,0.0
6828,-50.0
6829,0.0
6830,0.0
6831,0.0
6832,-50.0
6833,0.0
6834,0.0
6835,0.0
6836,-50.0
6837,0.0
6838,0.0
6839,0.0
6840,-50.0
6841,0.0
6842,-50.0
6843,0.0
6844,0.0
6845,0.0
6846,0.0
6847,0.0
6848,50.0
6849,0.0
6850,0.0
6851,0.0
6852,0.0
6853,0.0
6854,-50.0
6855,0.0
6856,0.0
6857,0.0
6858,0.0
6859,0.0
6860,0.0
6861,0.0
6862,0.0
6863,0.0
6864,0.0
6865,-50.0
6866,0.0
6867,0.0
6868,0.0
6869,0.0
6870,0.0
6871,0.0
6872,0.0
6873,0.0
6874,0.0
6875,0.0
6876,0.0
6877,0.0
6878,-50.0
6879,0.0
6880,0.0
6881,0.0
6882,0.0
6883,0.0
6884,0.0
6885,0.0
6886,-50.0
6887,0.0
6888,0.0
6889,0.0
6890,50.0
6891,0.0
6892,0.0
6893,0.0
6894,0.0
6895,0.0
6896,-50.0
6897,0.0
6898,0.0
6899,0.0
6900,-50.0
6901,0.0
6902,0.0
6903,0.0
6904,-50.0
6905,0.0
6906,0.0
6907,0.0
6908,0.0
6909,0.0
6910,0.0
6911,0.0
6912,-50.0
6913,0.0
6914,0.0
6915,0.0
6916,0.0
6917,0.0
6918,0.0
6919,0.0
6920,0.0
6921,0.0
6922,-50.0
6923,0.0
6924,0.0
6925,0.0
6926,50.0
6927,0.0
6928,-50.0
6929,0.0
6930,-50.0
6931,0.0
6932,0.0
6933,0.0
6934,-50.0
6935,0.0
6936,0.0
6937,0.0
6938,0.0
6939,0.0
6940,0.0
6941,0.0
6942,-50.0
6943,0.0
6944,-50.0
6945,0.0
6946,0.0
6947,0.0
6948,0.0
6949,0.0
6950,0.0
6951,0.0
6952,0.0
6953,0.0
6954,0.0
6955,0.0
6956,50.0
6957,0.0
6958,-50.0
6959,0.0
6960,0.0
6961,0.0
6962,0.0
6963,0.0
6964,0.0
6965,0.0
6966,-50.0
6967,0.0
6968,0.0
6969,0.0
6970,0.0
6971,0.0
6972,0.0
6973,0.0
6974,-50.0
6975,0.0
6976,-50.0
6977,0.0
6978,-50.0
6979,0.0
6980,-50.0
6981,0.0
6982,0.0
6983,0.0
6984,-50.0
6985,0.0
6986,0.0
6987,0.0
6988,0.0
6989,0.0
6990,0.0
6991,0.0
6992,0.0
6993,0.0
6994,0.0
6995,0.0
6996,50.0
6997,0.0
6998,0.0
6999,0.0
7000,-50.0
7001,0.0
7002,0.0
7003,0.0
7004,0.0
7005,0.0
7006,0.0
7007,0.0
7008,0.0
7009,0.0
7010,-50.0
7011,0.0
7012,0.0
7013,0.0
7014,0.0
7015,0.0
7016,0.0
7017,0.0
7018,-50.0
7019,0.0
7020,0.0
7021,0.0
7022,0.0
7023,0.0
7024,0.0
7025,0.0
7026,-50.0
7027,0.0
7028,0.0
7029,0.0
7030,0.0
7031,0.0
7032,-50.0
7033,0.0
7034,-50.0
7035,0.0
7036,0.0
7037,0.0
7038,50.0
7039,0.0
7040,-50.0
7041,0.0
7042,50.0
7043,0.0
7044,0.0
7045,0.0
7046,0.0
7047,0.0
7048,0.0
7049,0.0
7050,-50.0
7051,0.0
7052,0.0
7053,0.0
7054,-50.0
7055,0.0
7056,0.0
7057,0.0
7058,0.0
7059,0.0
7060,0.0
7061,0.0
7062,-50.0
7063,0.0
7064,-50.0
7065,0.0
7066,0.0
7067,0.0
7068,-50.0
7069,0.0
7070,0.0
7071,0.0
7072,0.0
7073,0.0
7074,0.0
7075,0.0
7076,0.0
7077,0.0
7078,0.0
7079,0.0
7080,0.0
7081,0.0
7082,0.0
7083,0.0
7084,0.0
7085,0.0
7086,0.0
7087,0.0
7088,0.0
7089,0.0
7090,50.0
7091,0.0
7092,-50.0
7093,0.0
7094,-50.0
7095,0.0
7096,-50.0
7097,0.0
7098,0.0
7099,0.0
7100,0.0
7101,0.0
7102,-50.0
7103,0.0
7104,0.0
7105,0.0
7106,0.0
7107,0.0
7108,0.0
7109,0.0
7110,0.0
7111,0.0
7112,0.0
7113,0.0
7114,0.0
7115,0.0
7116,0.0
7117,0.0
7118,0.0
7119,0.0
7120,-50.0
7121,0.0
7122,0.0
7123,0.0
7124,0.0
7125,0.0
7126,0.0
7127,0.0
7128,0.0
7129,0.0
7130,0.0
7131,0.0
7132,0.0
7133,0.0
7134,0.0
7135,0.0
7136,0.0
7137,0.0
7138,0.0
7139,0.0
7140,0.0
7141,0.0
7142,0.0
7143,0.0
7144,-50.0
7145,0.0
7146,0.0
7147,0.0
7148,0.0
7149,0.0
7150,-50.0
7151,0.0
7152,0.0
7153,0.0
7154,0.0
7155,0.0
7156,0.0
7157,0.0
7158,0.0
7159,0.0
7160,0.0
7161,0.0
7162,0.0
7163,0.0
7164,0.0
7165,0.0
7166,0.0
7167,0.0
7168,0.0
7169,0.0
7170,-50.0
7171,0.0
7172,0.0
7173,0.0
7174,0.0
7175,0.0
7176,0.0
7177,0.0
7178,0.0
7179,0.0
7180,0.0
7181,0.0
7182,0.0
7183,0.0
7184,-50.0
7185,0.0
7186,-50.0
7187,0.0
7188,-50.0
7189,0.0
7190,0.0
7191,0.0
7192,0.0
7193,0.0
7194,-50.0
7195,0.0
7196,-50.0
7197,0.0
7198,0.0
7199,0.0
7200,-50.0
7201,0.0
7202,0.0
7203,0.0
7204,-50.0
7205,0.0
7206,-50.0
7207,0.0
7208,-50.0
7209,0.0
7210,-50.0
7211,0.0
7212,-50.0
7213,0.0
7214,0.0
7215,0.0
7216,-50.0
7217,0.0
7218,0.0
7219,0.0
7220,0.0
7221,0.0
7222,0.0
7223,0.0
7224,-50.0
7225,0.0
7226,0.0
7227,0.0
7228,0.0
7229,0.0
7230,0.0
7231,0.0
7232,-50.0
7233,0.0
7234,0.0
7235,0.0
7236,0.0
